Ticket ID,Creation Date,Resolution Time,Status,Assigned Team,Priority_Low,Priority_Medium,Issue Type_Network,Issue Type_Software
8834f932-c99d-4906-b304-da9a93a4c6c8,2024-10-06,67,In Progress,Team B,False,True,True,False
e3d98b5d-cf27-4259-b73b-f6ddf262bbcb,2021-10-30,70,Open,Team A,False,True,False,False
a64c38eb-3714-450e-a72e-5ea4b11b05be,2024-01-07,20,In Progress,Team C,True,False,False,True
c0f0a8b1-26c9-4170-b667-61363a21e73a,2023-08-24,59,Open,Team A,False,False,True,False
beb4c0de-3cd0-423f-a6e1-e35c52c8e5b7,2024-12-30,27,Closed,Team B,False,False,True,False
0ed3476d-aee7-4808-9c65-04ac8b22ada3,2021-05-12,17,Closed,Team A,False,False,False,True
33684c8d-b177-46f1-9b3c-6b42f4e23733,2020-01-10,59,In Progress,Team B,True,False,False,False
32234d27-88b0-4dbf-b493-01aef156c747,2022-02-05,27,Closed,Team C,True,False,False,True
10fd6ad4-5eb0-4686-b401-e7117e0d391a,2024-06-30,17,Closed,Team C,False,False,False,True
a493d8d9-b145-4306-8afd-4a5f1ada1860,2023-02-22,49,Closed,Team B,False,True,False,True
c66b968d-c606-419a-a9d0-6c19128ac715,2023-06-23,64,Open,Team B,False,True,False,True
eb763688-6272-4899-8886-0c23e16d774f,2023-03-28,83,Open,Team C,True,False,False,False
64d6f5a3-bdfc-444b-96a6-26877ef5442d,2024-04-05,82,In Progress,Team A,False,True,False,True
d4161105-d936-42bd-9add-a142bbbdaf6d,2022-10-04,77,Closed,Team A,False,True,False,True
83ccf51f-5a74-4f74-88e8-5959d8c7102e,2022-11-22,84,In Progress,Team B,True,False,False,True
b3ba7594-852c-4f28-a3fc-a5870e09ae97,2020-04-13,73,Open,Team A,False,True,False,False
0da58db5-f209-4802-91dd-07199bf67aec,2020-04-04,24,In Progress,Team B,False,False,False,False
8d19795f-3b9d-4ed2-a470-86b70512a0f0,2023-05-07,46,In Progress,Team C,True,False,False,False
ecdaaafa-46c1-4479-93a9-eda70cda5797,2020-04-24,97,Closed,Team A,False,True,True,False
e33042fb-8529-447c-a719-d67e3e27bb4b,2024-02-08,20,Closed,Team B,False,False,True,False
43c082c8-47e3-4684-9b76-f397fb6939fd,2024-02-16,74,In Progress,Team A,False,True,False,True
22350ff0-635b-4501-a82a-8240bbabb552,2023-03-12,83,In Progress,Team B,False,False,False,False
4f29cd6c-ab03-4ca5-92ca-ce6d25e2ad58,2023-05-30,33,In Progress,Team A,False,False,False,False
5595577e-7bae-4379-91b7-abbbed4fb9b5,2023-11-10,82,In Progress,Team B,True,False,True,False
0620bf61-2894-4e6e-a3d5-716bec8fa4ec,2023-08-02,57,Closed,Team B,False,True,False,True
743d320c-5021-4d91-b9f7-903ae4575fde,2023-11-08,86,Closed,Team C,True,False,True,False
04215318-b1ef-4d30-9074-0dba0e61913c,2024-05-05,34,Closed,Team C,True,False,True,False
13c2fef3-bac7-4f2b-8091-e1a703a598b8,2023-02-14,43,Closed,Team A,False,False,True,False
e628d3f9-454b-4107-8277-5da3b96b0c3c,2020-09-29,18,Open,Team C,False,True,True,False
66a9f007-bbd5-4bc7-8405-ea24d5f667cb,2021-08-17,82,In Progress,Team B,False,False,False,True
a95bfc19-9f2c-4bb8-8ff8-7da12b6b12c0,2024-06-13,14,Closed,Team B,False,True,False,False
58321a5b-6feb-41e3-8967-9b80e7fd57a6,2023-09-08,82,Open,Team A,True,False,False,True
f93e586e-3456-4772-a0ca-ac6802e659a3,2020-05-15,6,Closed,Team A,False,False,True,False
6462be05-2731-4c51-896b-beee1c94920d,2023-04-06,91,Closed,Team B,True,False,True,False
0b371eae-a042-4fea-88c4-061b93adf30e,2021-03-28,37,Open,Team B,False,True,False,False
5752ae34-084d-46c0-b24c-b57f872beec1,2024-02-02,1,Closed,Team A,False,True,True,False
776429a5-89cd-47ec-93e6-c353cc5c6d5c,2020-07-26,87,Closed,Team A,True,False,True,False
1b9dd3e2-66d0-4db5-bbcd-08f244a3e4de,2023-08-22,74,Open,Team A,False,False,True,False
9ab29c59-38cf-464d-8614-93b05a6e7ad2,2023-08-16,14,Closed,Team C,False,True,True,False
fa31b38e-98b0-42d0-b805-9ab288d1056a,2024-05-13,74,In Progress,Team B,True,False,True,False
b71a0ee1-ccec-4509-aa50-41e9f3788517,2021-01-14,21,In Progress,Team B,False,True,True,False
7ac612e4-54df-4986-b971-9bcc1d940c64,2022-07-24,13,Open,Team C,True,False,True,False
8aed9604-2e93-4651-96fa-75cc6e6f5d9c,2024-06-09,59,In Progress,Team C,False,True,False,False
49cc47e1-91f2-45a7-9a67-434fa34863b5,2021-01-02,36,In Progress,Team B,False,False,False,False
25fb0359-5d36-4a29-98cb-11dd9f818f70,2022-08-19,37,Closed,Team C,False,False,False,True
86412f88-3f95-41b1-bc24-1515a152f04a,2021-12-19,76,In Progress,Team A,False,True,True,False
9b43df7f-6118-4b7d-b07b-7c157a2f7f35,2023-09-16,8,Closed,Team A,True,False,True,False
6d3a8023-a400-454c-8e72-494bf383d7d1,2022-10-21,31,In Progress,Team C,True,False,False,False
500c77ba-f3a7-4d87-b6f5-ba7b46a3d3ae,2021-10-06,10,Closed,Team A,False,False,False,True
288f3f21-1fbf-4936-989b-adb51a79f25e,2023-01-29,62,Closed,Team A,True,False,False,True
01ef981d-a78e-46d8-9615-51f7202e8bfb,2023-05-14,42,Open,Team A,False,True,False,False
b68aa28f-44db-4c4e-9231-9134111db636,2022-11-04,25,Closed,Team C,True,False,False,True
0583972d-146e-4397-9aab-0959434db993,2022-02-14,68,Open,Team A,False,False,False,False
19d3c599-e1af-4429-9f31-5a17017af9ed,2023-04-04,77,Closed,Team B,False,False,False,True
41341001-64a9-41fa-8d44-db74c51d684d,2024-12-29,36,Open,Team A,True,False,True,False
77af520e-209f-4972-baa6-cf67deb47028,2020-12-10,40,Open,Team C,False,False,False,False
e6ca0bbb-53da-43f5-831e-6918d155fe20,2024-12-04,36,Closed,Team C,False,True,False,False
b06a4e28-44ba-444c-a817-f22dfe5e6d2d,2024-04-19,41,In Progress,Team B,False,True,True,False
d4f2f676-80d9-4e7f-9591-e0ebf77f18a1,2023-09-23,18,Closed,Team A,False,False,False,False
b3eff7cd-1703-4b0d-8c8d-3ef57f22d122,2023-01-09,27,Open,Team C,True,False,False,False
be00f237-9dd1-4503-8530-abec9fb84d3c,2021-03-02,18,Open,Team B,False,True,True,False
3b085411-8a33-42c5-ab73-cbfd875188d3,2020-10-17,57,Open,Team A,False,False,True,False
5b65bb05-6f7f-4711-98ff-8d299e7e4920,2023-08-26,20,Closed,Team A,False,True,False,True
2271a67e-238d-46ff-ae55-a30744364fec,2020-01-27,36,Closed,Team B,False,True,False,False
56cf9ee8-a3ca-40ea-8411-4094978a3d53,2023-05-08,22,In Progress,Team B,False,True,False,False
90473912-7a9a-42ff-b4c1-f6af6a62fc87,2021-01-25,23,Open,Team B,False,True,False,False
2ec887d6-da9d-4fdf-b5e3-7b43c65db8ba,2024-01-28,44,Open,Team A,False,False,False,True
968c85ed-b5dc-4c83-80c4-44fdfb979667,2023-02-09,12,In Progress,Team B,False,False,False,False
98ae8dc3-15e1-46d1-942f-49d21df2b702,2023-03-07,25,Open,Team A,False,True,False,False
ab716167-bc59-4d56-b758-f2f50fec439a,2020-12-12,63,Open,Team A,False,True,False,False
21c79de1-9359-48b0-a60e-ec1e67b56592,2024-05-20,89,In Progress,Team B,False,False,False,False
57d170ca-c6d0-4c8a-8c4c-533c5a3a72eb,2024-01-08,90,In Progress,Team C,True,False,False,False
8b7e9112-8ee5-4c86-b6d5-5909da8b9236,2024-03-20,15,Closed,Team B,False,False,True,False
dcc5ed19-d75c-4133-ad6a-356ae837e9cf,2024-02-27,8,Open,Team B,False,False,True,False
d78b955c-1b90-46a1-8519-dc01b5ec10fc,2020-04-18,2,Closed,Team A,True,False,False,False
acb053a1-3366-4925-9b05-c62bee1c48e5,2020-09-01,83,In Progress,Team C,False,False,True,False
32c791e3-3a4e-42dc-9770-8bc45d092cc7,2022-09-24,24,Closed,Team C,False,True,True,False
e2adb138-dc2c-4bd8-baa0-74f95d21f763,2020-10-19,69,Closed,Team C,False,True,True,False
aafcd7e2-a98f-4658-b842-98336d6c4964,2020-02-29,1,Open,Team B,False,True,False,False
c0f794de-a3df-464e-9e62-c8e5df708164,2020-05-12,89,Open,Team C,True,False,True,False
aab93472-3b2e-4749-83ec-a66632050938,2024-04-29,57,In Progress,Team C,False,False,True,False
51f8645d-5e4f-4e71-87f1-8d2b6cde27cc,2020-03-17,8,Open,Team A,False,False,False,True
baaa8f2f-adca-4228-87e3-9a31c50692f5,2024-07-17,10,In Progress,Team A,True,False,False,False
a8f53fc8-267b-4895-ac1b-4203221ff820,2022-12-03,70,Open,Team A,False,False,True,False
c6d98a86-414b-4c8f-bc10-54a8622414b0,2023-11-05,64,Closed,Team C,True,False,False,False
b436f155-bf1a-40c0-8c50-3193faa34d3d,2020-03-07,40,Closed,Team A,False,False,False,False
99a3192d-0318-4efc-8026-c42c93cb0570,2023-10-14,66,Open,Team C,False,True,False,False
4290f7fe-c0d9-437d-9365-f1c1a0146abe,2020-11-29,29,Open,Team B,False,False,True,False
830f104f-73f9-43a3-81b7-605559d50a78,2022-10-23,56,Closed,Team A,False,False,False,False
e7ef61dd-d131-49ff-8e4e-7642c929fc34,2021-11-27,63,Closed,Team A,True,False,False,True
da54edc5-dd89-4f81-a9ba-f9e0f8c7f0ae,2024-02-07,51,Open,Team B,False,False,False,True
9f7d9dcd-abb6-4a03-91d9-cd65996d104c,2021-03-06,59,In Progress,Team B,False,False,False,True
c5f2d34b-ab78-40c0-93c8-540151f17c44,2020-03-04,76,In Progress,Team A,True,False,True,False
57edf4d7-15e4-4fa0-9337-0a44bba11646,2024-11-07,66,Open,Team C,False,True,False,False
7e3ad4e9-86bb-48fc-a7b5-ee1672e82910,2024-09-02,45,In Progress,Team A,True,False,False,False
73e188bc-312a-4039-af6d-a6f1ac35136f,2021-01-11,36,In Progress,Team A,False,False,False,False
da1851f0-8db8-44a9-ac9a-68eae4951d46,2020-11-05,1,Open,Team C,False,True,True,False
3d6aaffe-172a-4ce7-9739-70e2dbd0f15f,2021-01-29,77,Open,Team C,False,False,True,False
8d560b06-98db-40cf-a0e1-b302ff4a7164,2021-03-23,25,Open,Team A,False,True,True,False
63ff8eec-5d80-4eec-a6fd-fa2c54f56b0b,2023-11-25,89,Open,Team B,True,False,False,True
b92fc518-834a-42a0-8623-3d9e1940d3ce,2021-08-05,65,Closed,Team B,False,False,True,False
da07a14a-c55f-46ae-b1c2-45a213b98aaa,2020-08-13,32,Open,Team C,True,False,False,False
b7631c0f-221c-46e5-88b3-a7a01960e2b2,2021-07-14,78,Open,Team A,False,False,False,False
0b6d3b43-6805-47b9-a65b-5b9262c8abd3,2022-05-29,39,Closed,Team C,False,False,True,False
450b785b-e048-436d-b5fb-a0517e64e8e4,2020-11-11,15,In Progress,Team A,True,False,True,False
bb560c58-d1c6-4d41-ae41-c64ee3ed15af,2021-08-13,12,Open,Team A,False,True,False,False
7aac59a8-adf2-44c1-9956-99653008ae11,2021-05-05,94,In Progress,Team A,True,False,True,False
b3148cb0-fbd7-44e8-a818-bdf82352c2a2,2024-10-26,40,Open,Team B,False,False,False,False
3e6d8832-8fd8-400a-bf43-c43c7a3ad948,2021-11-13,2,Closed,Team C,False,False,True,False
0a65c33a-63e7-4e28-8cb1-f5c8d3a34e54,2023-02-14,14,Open,Team A,True,False,True,False
aab53b8a-7962-4db4-a83d-3c29fec0feb0,2023-08-30,44,Open,Team A,True,False,False,False
48bb968a-1fcd-400b-af96-b31b6dfebfb4,2024-03-01,5,Open,Team A,False,True,True,False
2b04e583-b3df-40a2-a3e3-16080f045ed7,2020-07-02,87,Closed,Team C,False,False,True,False
d5344ea6-539f-4466-918e-9242fcdd0eb1,2021-01-09,67,Closed,Team A,False,True,False,False
722f2952-23c0-43c6-9b2a-1d3e2167a1dc,2020-01-24,81,Open,Team C,False,False,True,False
b1dd18b2-035a-48c3-b328-f2f04b58e43d,2024-11-10,40,In Progress,Team C,True,False,False,True
0cfd34a2-6a72-465f-adac-216a7f434730,2023-10-10,73,Open,Team B,True,False,False,True
4c79c6c4-5cbb-4168-8edf-7cee43c0cf45,2024-06-15,63,In Progress,Team A,False,False,True,False
fadd9da6-5d0f-4b83-9784-9ec915be86b0,2021-04-09,95,In Progress,Team C,False,False,False,True
7edbeeba-5a5a-41fe-925e-536763cecc97,2024-09-03,91,Closed,Team C,True,False,True,False
e44f4388-4f3f-4e18-9e57-a110e51c3737,2020-01-14,26,Closed,Team C,True,False,False,False
e9faeb63-a34a-4c81-ba11-e5e39cd869d2,2021-08-07,72,Closed,Team C,False,False,False,False
243b65ac-6a81-4a5a-964a-5f6681566dec,2021-12-26,35,Open,Team A,False,False,False,True
9dee963c-aebb-4f23-97b9-539391d0093f,2020-03-30,79,In Progress,Team B,False,True,False,True
1f549a18-d4cd-42f7-9b6d-1b614594f3c2,2024-11-05,31,In Progress,Team A,False,True,True,False
28e202c2-3365-4b83-9118-f078d9cb29bd,2023-02-03,72,Closed,Team A,True,False,False,True
b18db717-290d-4f0d-97cc-b200726f58ff,2023-05-14,80,Open,Team C,False,False,False,False
5d28c09c-0e23-4127-9de3-213350706a97,2024-06-09,97,Open,Team C,False,False,False,True
ecda2b35-0801-4f64-83e7-7cad4e707134,2021-06-23,60,In Progress,Team C,True,False,True,False
b1532370-237f-4aee-9e4b-4e4ce3023b20,2020-04-20,18,In Progress,Team A,False,False,True,False
6e0aa9f7-a50d-4e47-a099-6d2cafd86293,2021-01-29,63,In Progress,Team B,False,False,False,False
57b7e7be-d076-4473-a5e1-6aa30a34efe5,2020-11-24,54,In Progress,Team A,True,False,False,False
7d2c7f7d-8aac-4378-98b7-2a30381db81a,2020-04-07,18,Open,Team C,False,True,False,True
c3a34ef7-563e-46ab-a4c7-db8c597819e9,2022-02-14,9,In Progress,Team C,False,True,True,False
87266591-48f3-4242-9974-4e28ecb6a32d,2021-01-30,41,In Progress,Team A,False,False,True,False
f299fdf5-afff-4ed5-a4f7-d88ad300ae9f,2024-01-06,51,Open,Team B,True,False,False,True
3879c13d-723d-4238-82ad-f0665ef70803,2020-09-25,40,Closed,Team B,False,False,True,False
b691a4cf-ab3b-482d-bfb8-feb97603b1a1,2022-04-09,30,Closed,Team B,True,False,True,False
444355ba-a5e3-44aa-86b1-52e7b600faf7,2023-11-30,68,Open,Team A,False,False,True,False
a15d2eeb-2269-4c19-bd45-d24e0b7a4710,2020-11-11,48,In Progress,Team B,False,True,False,False
49673c17-48f6-4c75-8f77-10de28f20017,2024-09-30,17,Closed,Team A,True,False,True,False
02815d87-6a37-4667-88a4-8c036586627f,2024-05-06,58,Open,Team C,False,True,True,False
985df456-f734-4149-b140-a12680603634,2024-12-26,30,Open,Team C,False,True,False,False
847e5e11-3621-4d8d-9a2b-e2e9a29a77e1,2024-02-10,75,Closed,Team A,False,False,False,False
9de6636e-8caa-42df-b479-a24a91d97157,2022-11-20,64,Open,Team A,True,False,True,False
ab74394d-a240-44b8-a901-67ce4e26d9db,2023-09-12,37,In Progress,Team A,True,False,False,True
c4b43740-d981-445e-a162-d1d1199c8859,2024-08-21,84,Open,Team C,False,True,False,True
b6b4ec01-b711-4151-8a7e-5fd8fc04a754,2020-09-28,43,Open,Team B,True,False,False,False
c5929994-fda7-4bff-8d48-ceec0fa462df,2024-04-17,64,In Progress,Team B,True,False,True,False
4d807b8b-af91-4d6b-baeb-44e9c49a47f3,2020-07-24,17,In Progress,Team B,False,False,True,False
c44d2dc9-b9b6-41a1-810a-85db337b400d,2020-10-11,74,Open,Team A,False,True,True,False
06c04d95-7efd-410a-b4a9-83dc31a0889e,2020-03-28,62,Open,Team A,False,False,False,True
9ea2d0f7-91d8-46f1-a53c-6caffd3a3178,2021-01-13,72,In Progress,Team C,False,False,True,False
6193afae-e90f-47e5-8acb-dc7c316e9a6d,2023-09-29,44,Open,Team B,False,False,False,True
c741b119-46f5-465b-803b-80e0d899161f,2021-05-30,71,In Progress,Team C,False,True,False,True
3dadfff5-7796-4f5c-9dd1-d9c3d8dee628,2023-11-15,56,Closed,Team B,False,True,False,True
dcb00bff-d89b-455d-a8c4-a8321e76727a,2020-04-03,92,In Progress,Team B,True,False,False,True
4c9abd63-5439-4920-98de-a9219c04dff5,2024-10-05,95,Open,Team B,True,False,False,True
33b97884-a639-4a00-96f1-4e13e9747f87,2024-03-20,97,In Progress,Team C,False,False,True,False
bce7f1b4-d82d-4bfc-abaf-0ba0e61e5adb,2023-08-12,27,Open,Team C,True,False,True,False
1835a964-114e-477b-8f6a-9e4a1ba5fde8,2022-08-19,59,In Progress,Team A,True,False,False,False
c7a5a588-ac24-4d99-826e-695d1369dfb4,2020-06-20,8,In Progress,Team B,False,True,True,False
d60cca48-fda1-4987-b68a-b5506ffd652a,2024-06-07,91,Closed,Team C,False,False,False,True
5eaf5837-6e72-43bf-9d66-088c5ac45e03,2022-10-08,64,Closed,Team B,False,False,False,True
ae190b6a-99af-4773-a917-ed3c1e5e1c15,2023-10-09,6,Closed,Team C,False,True,False,False
377d8ee7-ca09-475f-b85e-88f5302fe1d9,2022-10-12,83,In Progress,Team C,False,True,False,False
23c2ecbc-c111-4345-a010-cffdbc153715,2023-08-09,16,Closed,Team B,False,True,True,False
dc905ba8-db70-44ec-bc30-f103672b125f,2022-06-23,55,Open,Team B,True,False,False,True
6f152a4e-265d-43e8-8566-5523015e5781,2023-12-09,8,Closed,Team A,False,True,True,False
fca4b327-351f-444f-a306-16b861e1d9d7,2023-09-18,69,Open,Team C,True,False,False,False
616a50d6-31db-45db-a185-eb8d9a7714b7,2024-01-09,3,Closed,Team C,True,False,False,True
3c336309-933f-40fa-acc2-5f177bb03513,2023-05-18,68,In Progress,Team A,False,False,False,True
52724f21-377b-47d5-b999-d918ab675267,2024-03-25,10,Open,Team C,True,False,False,False
6b565e72-2c70-4f7f-a12c-f7768946cf9f,2022-07-14,17,In Progress,Team B,True,False,False,True
befd7c68-6b20-4ab4-9da8-b7188bcf7b07,2021-01-01,3,In Progress,Team B,False,False,False,True
b67d4abe-4499-4026-bb37-71ae36fff7e4,2024-03-04,67,Closed,Team B,False,False,False,True
7d333d3c-bd04-4089-b636-bd9c08ea9978,2020-03-04,64,In Progress,Team A,False,False,False,False
338f18cd-1183-43e1-80f4-145eb78e758e,2023-11-15,12,Closed,Team A,False,True,False,True
a723a61e-bf38-4d8c-aa12-c47fbd8e463d,2024-07-04,1,Closed,Team B,True,False,False,False
7ce52bb4-c86f-4bcf-960c-f8d743b0dd0c,2021-12-30,41,Open,Team A,False,True,False,False
ee5886ab-cbaf-42fa-9a15-12f485f38b47,2024-06-26,38,In Progress,Team B,False,True,True,False
6de2b918-4d2f-4239-8d9f-00c6a231fd06,2023-04-24,62,In Progress,Team B,False,False,False,True
ab7331c8-712c-4f73-8e4d-7f8fe257bee0,2021-08-25,86,Open,Team B,False,True,True,False
8a7889fd-cefa-4af8-8e73-50c0a714ab40,2022-10-20,24,Closed,Team A,False,False,False,True
37f958cb-9b7b-4085-8d88-d8bd8b76410b,2022-06-12,89,Open,Team A,False,True,False,False
1d81051c-2dea-4ee5-b32a-61abb4b136d9,2021-02-02,14,Open,Team A,False,False,False,True
5b73c00a-b033-4e45-bdd3-d3447ae907c9,2021-10-26,2,Closed,Team B,False,True,True,False
db8bfaea-e3e7-466f-b761-a1f70745ea48,2021-08-31,90,In Progress,Team C,True,False,True,False
d0bc3b16-208a-4ee4-ad24-14fe796cc429,2024-11-04,69,Open,Team C,False,True,False,False
11c4f6c6-28cc-4582-ba5e-94bcfadbd0d2,2020-06-29,73,In Progress,Team A,False,False,False,False
2201ee59-ed23-4eaa-8ae2-3b9ebb8a81b1,2020-08-28,17,Open,Team A,False,True,True,False
1132275f-62e8-4ad4-8c8e-f716e6149002,2024-05-16,22,Closed,Team A,False,True,False,False
c04536a0-7d28-41c3-928d-d4f6aec7ad16,2022-10-21,90,Closed,Team A,False,True,False,True
3724c1a6-b4f5-4fd7-8c49-9bacbe8857d0,2020-04-04,59,In Progress,Team A,False,False,True,False
f64fe380-6224-4b99-863e-aab76c13b4f5,2021-03-10,28,Closed,Team C,False,False,False,False
2ca079b9-5d4b-40aa-bce2-bafeb42a697b,2022-06-16,87,In Progress,Team C,False,True,False,False
12391006-9132-4892-b503-c2aa3804990f,2020-08-16,69,Open,Team C,False,True,False,False
7b2dc9a3-c9e5-46b1-b8d5-07d4370a606a,2020-03-22,99,Closed,Team A,False,True,True,False
f49aae16-0c7e-454d-9e36-6b1763615ac0,2022-11-18,24,In Progress,Team C,False,False,False,False
8244b09d-8a68-4fc9-8f14-b2fef0e7c34e,2021-12-08,46,Open,Team A,False,True,True,False
89a69f37-3442-4a49-8e99-058aefb17e56,2024-07-17,50,Open,Team B,False,True,False,False
980d418b-1aac-4fbf-8d7f-a252707e2f8f,2023-06-03,26,Open,Team C,False,False,False,False
6dd6698c-d536-478d-beeb-1bd99fbc6fc2,2022-06-06,85,In Progress,Team A,False,False,False,False
94fdf8b7-f3f1-4630-be65-1a676b2e4965,2021-08-28,13,Open,Team C,False,False,True,False
e499c03d-b681-4a90-9e07-1e6c2a01bbf8,2023-10-05,42,Closed,Team A,False,False,True,False
db25475f-0ff5-4575-a6c2-43be7ac63903,2021-04-16,45,Open,Team C,False,True,True,False
f7535bed-2bae-4af1-854f-eb44cefb48f3,2024-09-28,10,In Progress,Team C,False,False,True,False
1b2630b5-1c40-4b8e-ad61-3e46d7c9f227,2023-02-18,23,Open,Team B,True,False,False,True
89a49e91-b017-49ec-baeb-165adf0abca0,2022-12-21,71,In Progress,Team C,False,False,False,False
627b812c-16b6-4296-9bbf-51b23904fe63,2021-07-19,97,Open,Team A,False,True,False,False
388bc31b-4c93-4b20-849e-a9c97755e808,2021-10-16,90,Open,Team C,False,True,False,False
5feba5af-0c6e-4b5e-8733-e074023dd0d3,2020-11-24,99,In Progress,Team C,True,False,True,False
00792eba-490a-4612-9691-8f232453c99d,2022-09-17,12,Closed,Team A,False,True,True,False
e45472dd-7075-4e76-85d0-03877f4fe0da,2020-05-28,72,Closed,Team B,False,True,True,False
f3460db1-9c63-47d1-8e68-4b667bf2af0b,2023-07-23,34,In Progress,Team C,False,True,True,False
4c54f9d8-34e5-40e7-8ee1-7822ea2b013c,2022-12-17,76,In Progress,Team A,False,False,False,False
c933c2c1-c337-4480-903c-fd1e36783bf1,2022-07-12,11,Closed,Team C,False,True,False,False
2916e22c-67e1-4208-a6d0-5b11e6c666c1,2020-04-01,48,Closed,Team A,False,False,True,False
0c4b0ed3-d2ef-4832-a264-0cc1e5b35017,2020-12-21,63,In Progress,Team C,False,False,True,False
10ae2255-4608-44ab-8b04-81d5c0cc7512,2020-07-17,12,In Progress,Team B,True,False,False,True
4715c4ef-0728-40d6-85cb-64bdaa5d7bca,2024-02-01,34,In Progress,Team C,False,True,False,False
2c2d51c7-44f5-49d5-94a1-3e76b7f6d7a5,2020-05-24,6,In Progress,Team B,False,True,False,True
8203683b-4cb7-43c7-aba5-c87ce81601ec,2022-08-29,23,In Progress,Team B,False,False,True,False
5fd96e36-dfda-4f00-ab16-7637355ff2e1,2024-07-18,5,Open,Team C,False,False,True,False
fcf75ccb-1080-441b-91a7-6c26f9ad4262,2020-06-06,29,Open,Team C,False,False,True,False
d3871747-412c-404d-adf6-6be08c11ab7c,2022-03-25,67,In Progress,Team C,False,False,False,False
bf34a513-7277-4803-a36f-74a3a5e3971f,2024-03-30,18,Open,Team C,False,False,True,False
dc36a873-78c8-4898-bebf-5ec35d8c314c,2021-03-13,65,Closed,Team A,True,False,True,False
1d13ae2f-4fcd-44f6-882d-1a3df4db13d4,2023-03-20,37,Closed,Team A,True,False,True,False
28c98304-e200-48c9-85be-fdcd357c7d7b,2023-10-12,44,Closed,Team B,True,False,False,False
38f9dd7b-0f1b-45ef-89bd-0c5d3c906d3b,2021-07-10,70,Open,Team B,False,True,False,True
f3babc1e-88d7-4926-96de-4c63d84c67e3,2023-12-08,65,In Progress,Team C,True,False,False,True
0783e9c9-9ac4-44cc-b4fe-00be26863d1f,2020-12-13,12,In Progress,Team C,False,True,False,True
0e5fc4d0-a7c4-45dd-b870-5e06acf32c5a,2020-08-13,7,Closed,Team C,True,False,False,True
0de03ed8-0ffd-4d48-aced-607a5b89b4da,2022-09-13,45,Closed,Team C,False,True,True,False
629e7825-1ff4-4b91-a9f3-144cb92dc8c6,2023-09-26,1,Open,Team B,False,True,False,True
ec3a12a3-c619-44ef-af70-404a5ef69311,2023-12-10,88,Closed,Team B,False,True,False,True
2824c312-4354-4702-8688-8ebba5ba1472,2023-10-09,8,Closed,Team C,False,False,False,False
a5dff584-8025-4eea-bf52-251708f607fc,2020-08-14,96,Open,Team B,False,False,False,False
a940201e-ed70-4782-90a1-9f5aa751467b,2021-03-25,70,In Progress,Team C,False,True,True,False
1da4e22c-6daf-4450-a08f-eace8c6917f0,2021-07-13,56,Open,Team C,False,False,False,True
f88c355e-a143-458c-9b9d-9b198a60847c,2021-04-03,18,In Progress,Team C,False,False,False,False
da06859d-c1fd-4aa0-af4c-fcbcf4cd3075,2021-07-24,16,In Progress,Team A,False,False,True,False
0f763791-3ef6-4a5d-af79-b0e4befb6abc,2020-11-04,23,Closed,Team B,False,False,True,False
0112f207-80f6-4ef6-ae8c-93fbf75ccbf1,2022-02-10,74,In Progress,Team B,True,False,True,False
2a00479b-acfc-4fda-9a2d-fbd72fabafb6,2021-03-10,87,Open,Team A,True,False,False,False
f5e18da9-f432-4b21-a864-f87af62ececb,2024-12-10,11,Open,Team B,True,False,False,False
71fd6a71-5ba4-4b4d-b519-d1cf9f62407a,2021-08-10,27,In Progress,Team B,False,False,False,False
71920b4b-f946-4478-bd52-f668f2094fd4,2022-05-04,96,Closed,Team C,False,True,True,False
f1b5f69f-3e4b-422c-af8d-21a7d9b90163,2023-11-18,83,In Progress,Team C,True,False,False,False
8b141e60-657d-44f7-927f-a8feeecda0a6,2020-03-02,96,Closed,Team A,False,True,False,True
ae24693b-7018-4e89-9777-c01e81a83fb2,2024-01-09,23,Open,Team A,False,True,True,False
8e245eaa-e7a2-4187-aea3-ded4dbd60d9a,2024-01-19,81,In Progress,Team B,False,False,False,True
47364de2-d156-45db-9856-e40db3b9421a,2024-01-21,84,Closed,Team C,True,False,False,False
583c7cce-6ff7-401a-904f-c87aae984d70,2024-03-10,99,Closed,Team C,False,True,True,False
c9b5c955-95e8-406c-ae68-8285c1c303e1,2021-01-18,3,Open,Team C,False,False,False,True
f25bf4ae-f053-4324-aaea-728ade8414cb,2020-06-01,84,Closed,Team C,False,False,False,False
45319369-8af6-4de2-88df-43768dac3b59,2021-04-18,72,In Progress,Team B,False,True,True,False
46827375-7446-49d3-8cc7-20a6d7728815,2023-04-29,50,Closed,Team B,True,False,False,True
151c9456-0b57-4a3f-8896-fbfb2b61487d,2024-12-01,58,In Progress,Team A,True,False,False,True
a5202788-5aaa-4489-9f33-91b500e7ef6b,2021-03-11,80,Closed,Team B,False,True,False,False
c7485282-e7ac-4be1-afc7-76b8dd2a5b0b,2023-02-13,53,In Progress,Team B,False,False,False,True
a42032be-cf52-403e-9108-f0fc98c89c5e,2021-10-10,26,Closed,Team A,False,True,False,False
66c87436-1058-41cc-aebb-74770fd9e216,2023-02-22,77,Closed,Team C,False,False,False,True
b6cdb6ab-6dd1-42a3-8c87-d92fc8754ff9,2021-08-19,7,Closed,Team A,False,True,False,True
c31b8708-0a5d-435e-acef-67a8d239a348,2020-10-19,64,Open,Team B,False,True,False,True
4fc0c977-b4fa-4d69-8032-8e6753dfd8f5,2023-04-15,28,Open,Team C,False,False,False,False
ac793bff-319e-4539-a092-318cbccc94bf,2020-08-08,66,In Progress,Team B,False,False,False,True
99ac15f8-2caf-4d14-a82e-8c4aed4fe710,2023-04-22,60,Closed,Team C,True,False,False,True
75312fcb-4535-4486-9a51-c73a50cf687b,2021-07-25,13,Closed,Team C,False,False,True,False
9063d111-5063-48dd-b50e-9354a03ee023,2022-04-08,15,Closed,Team A,False,False,False,True
f004692b-6bf4-416d-9532-1ccb984273d3,2024-01-06,45,Open,Team C,False,True,False,True
d3ff302f-197d-40c0-bed0-402ee3ca4e9a,2022-08-15,26,Open,Team B,False,False,True,False
722e1c86-f8af-4b10-bbfd-8b2f6afd60c6,2021-12-06,95,Open,Team A,True,False,True,False
459112cf-719a-4479-923d-3e5fee6e43d4,2021-09-15,14,Open,Team C,False,True,False,False
bbfc7983-9739-4bb0-a9f4-b4ab77d19a0d,2023-02-10,7,Open,Team B,False,False,False,True
f56255b0-f172-407f-a68c-40df2aa44d06,2024-07-30,64,In Progress,Team B,False,False,False,False
cc131195-eb5c-4d68-9ed3-a4f2f3f59794,2023-02-03,78,Open,Team A,False,True,False,True
ed143c46-1fca-4ed3-8da8-283cdbbb19ee,2024-08-31,4,Open,Team A,False,True,True,False
40c264ff-691f-4256-948a-7ef059a4e19c,2022-12-13,81,In Progress,Team B,False,False,False,False
16ef5ee9-c178-47f3-a797-edfcd6862291,2022-11-02,55,Open,Team A,True,False,False,False
f13ba101-77ec-4847-a434-8f41cfe910ec,2022-01-28,89,Open,Team A,False,False,False,False
5b99b20d-bef3-45d1-a130-fbd7871d2557,2021-02-03,62,Closed,Team C,False,True,False,False
658039a6-31c0-4d70-8a2f-a36b7f67d7ea,2024-01-14,72,Closed,Team B,True,False,False,False
ed84223e-9c66-4a87-b089-04127af8054b,2024-06-02,66,Open,Team A,False,True,False,False
e302ac81-6631-4442-ab7c-fbbbaa08b9fe,2021-03-03,67,Closed,Team C,False,True,True,False
f0f234f9-57b4-43cb-a511-a7cd14884dad,2022-12-12,15,In Progress,Team B,True,False,False,True
4f3b9b06-4949-4b32-b2f7-cb8a0a3a620a,2022-05-31,79,Open,Team C,False,True,True,False
c824d2f5-6308-4e11-9f84-bc6d2638ac6a,2021-01-31,65,Open,Team A,True,False,True,False
45fb6be0-8a03-46a0-ba9a-2a4e255d8eea,2020-11-24,6,Open,Team A,False,True,False,False
84b78a3a-81ff-430a-97b4-5015c838a86a,2022-06-13,64,Closed,Team A,False,True,False,False
5ba93a6d-ebbe-4a77-958b-071a7ee95798,2024-04-24,50,In Progress,Team A,True,False,False,True
b069a978-4973-4af9-b3f6-574edee9bb78,2020-08-04,86,Closed,Team B,True,False,True,False
3d1c307d-59c9-4bed-a2f4-3356d119772f,2023-03-16,39,Closed,Team A,False,False,False,True
7160d26d-88e6-46d5-835d-69577e27e3cd,2021-07-25,41,In Progress,Team B,False,False,True,False
af787e45-b9a0-4637-8031-24221070f34b,2021-05-10,47,In Progress,Team C,False,False,False,False
0a835aed-4a17-4848-8256-dd065f37ed93,2024-03-03,55,Closed,Team B,False,False,True,False
6ec68847-6345-438a-b7b5-28bedaf4b5a6,2024-06-30,16,Closed,Team B,False,False,False,False
ce3ddd34-7a76-4134-bd02-8e0c2dba6981,2024-06-07,67,In Progress,Team B,True,False,False,False
01654141-b354-4e4a-89f1-f944ab319239,2020-07-16,50,In Progress,Team B,False,True,False,True
4ce4bf58-a14a-4c24-a8e6-52746e5351ac,2022-05-30,42,Open,Team C,True,False,True,False
33c3c231-f2d8-4759-a6b5-d723b153a01f,2020-03-04,30,In Progress,Team B,False,False,False,False
17dec370-2fb4-409e-8999-dfb65aba923f,2024-06-30,61,In Progress,Team A,False,False,False,False
216cd384-d0cc-4b13-bfd7-29efe8aba451,2022-08-31,20,Closed,Team C,False,True,False,False
8b2b41ae-ca98-41ac-b0e6-9d68a940817b,2020-09-01,73,Closed,Team B,True,False,True,False
6835cb75-5226-4634-8ccb-431b8eb0e08b,2023-09-23,49,Open,Team A,False,False,True,False
7cd126cf-f16c-4f54-8c5e-fc1e995816ed,2023-07-07,64,Open,Team B,False,False,False,False
233482d1-5c2e-4ee3-baa3-ae29bce7ab6a,2020-11-27,19,Closed,Team C,False,False,False,True
518cbaaa-8910-4f68-88ce-47f25aeb667d,2022-06-02,85,Open,Team A,True,False,False,False
73cd7112-8422-4260-b8e6-0957f9a75ac8,2021-01-24,11,Closed,Team B,False,False,True,False
6ea55bd8-d593-4aa4-8f42-ce5cdd121ed7,2023-11-09,65,In Progress,Team C,True,False,False,True
1994ef65-344f-4ca3-afcc-81ca59805279,2024-09-13,69,In Progress,Team A,False,False,False,False
be46ddd0-df7a-419e-aad9-72ca401428d7,2023-04-29,80,Open,Team B,False,True,True,False
e3896bb4-9d9a-411b-ba16-af4bee7c046c,2020-05-10,55,Open,Team A,True,False,False,False
1e17a518-9d0a-4095-ba13-a3fac002b4b1,2024-06-30,3,Open,Team A,False,False,True,False
3d63fed7-cc1b-4ae3-a5a6-5c0c80c16457,2021-02-22,76,Closed,Team B,False,False,True,False
c41d1e77-f54a-4ed6-a3cc-9b35be36d3b5,2021-02-10,65,Closed,Team B,False,False,False,True
ecfe0725-b8f6-49d9-9f14-de2d8c035247,2021-09-10,11,In Progress,Team A,False,True,False,False
94ad0c15-e7c4-4e73-a692-56bce57d782d,2022-03-03,83,Open,Team B,False,True,False,True
6ceda3bb-903f-47e2-8e60-b611e6da7ddf,2024-07-21,61,Closed,Team A,True,False,False,False
02759eef-879f-495a-b2b0-fb0ea9f3a72a,2023-07-28,85,Open,Team C,True,False,True,False
c54fff46-8338-43d2-a102-918a96219b6f,2022-04-04,9,In Progress,Team A,True,False,True,False
d87029ed-670e-4578-a602-a467f7b10695,2021-06-24,30,Open,Team A,False,True,False,True
9d54c79f-b309-486f-b7c6-0739681c7617,2023-01-17,51,Open,Team B,False,True,True,False
a292f064-5262-45e0-806f-db261969829f,2020-10-19,78,Open,Team A,False,False,True,False
d113ffa7-64d6-4e3d-9588-3a0b69d399f5,2024-05-04,69,In Progress,Team C,False,False,False,False
a916fdf4-57ad-4e9b-adae-568984bc6b3f,2022-12-21,60,Open,Team A,False,True,True,False
5a0cfaa6-66c5-4b00-b80a-d2ec98eb317c,2020-01-12,39,Open,Team C,True,False,False,False
f2e09d2a-1e93-4203-8049-c2192ac414ba,2020-09-19,82,In Progress,Team A,True,False,False,True
b9e576f5-2303-446d-980e-2f25dc3c48e1,2021-08-04,4,In Progress,Team C,True,False,False,True
2122b539-ae15-4d18-8e2f-5192e864a83f,2024-03-23,76,In Progress,Team A,True,False,True,False
d980a2fc-9c16-4318-913b-1676032d4fce,2024-06-01,12,In Progress,Team C,True,False,False,False
efd4005c-640c-40a5-a640-88dcca4ec060,2021-07-28,5,Closed,Team A,False,True,False,False
b8f98d1b-fa23-420e-bdc1-88fd4ec629e5,2021-04-28,12,In Progress,Team A,False,False,False,True
1f4ab563-7d54-44dc-9a29-466c7c6bf667,2020-07-01,39,In Progress,Team A,True,False,True,False
8f296ff8-e52d-45a6-b55c-13804887a264,2024-05-10,49,Open,Team A,False,False,False,True
451d8571-e784-42b8-b146-4c25bee34ba2,2024-06-29,62,Open,Team C,False,False,False,True
466baf76-96aa-4772-a36c-f5cf6e4d95fd,2022-02-05,38,In Progress,Team C,False,True,True,False
9161c293-e69d-49c7-9a6d-1232e0e68561,2021-07-03,70,Closed,Team A,False,False,True,False
f55e149a-df52-43a8-b2cc-4449f5bab01f,2023-08-30,7,Open,Team A,True,False,False,True
045ed324-ed1e-462a-b593-3539f737a227,2022-02-09,73,In Progress,Team A,True,False,True,False
654b9bc0-0641-4cfd-ae41-f6f06e461778,2023-12-15,62,Closed,Team C,True,False,True,False
d10e93ad-028d-43ae-8007-d8928554e3ce,2022-10-19,93,In Progress,Team A,False,False,True,False
6cb1b41b-f262-4eda-99ab-dfba71ed1449,2020-11-29,19,Closed,Team B,False,True,False,False
1d53b836-3c07-488a-8dbb-2030ad0273da,2020-09-13,25,Open,Team A,True,False,False,False
a3edd9fc-1c49-430e-b915-5ed0bb678a88,2024-12-12,53,In Progress,Team C,True,False,False,True
55d40520-aad6-4b64-b4c6-9290cd26f938,2021-11-15,42,Open,Team B,False,True,True,False
7cdf5eec-a50e-4804-b7a6-b70ae7e378f1,2021-08-27,54,Open,Team B,True,False,True,False
4bbf1818-1063-4c63-86f8-acb0f1743343,2022-12-05,51,Open,Team C,False,True,True,False
ba61393c-32f0-4238-b740-2b9e8db46d60,2021-02-17,57,Open,Team C,False,True,False,False
16c6a942-218e-4023-976e-715a2ae601a8,2022-01-01,74,Closed,Team C,True,False,False,True
49168854-916b-44e4-a270-a158910c2842,2024-12-08,7,Open,Team C,True,False,True,False
a5c8a253-3aca-4656-8cc7-9eceb20d91d0,2020-12-31,28,In Progress,Team C,False,False,True,False
648f2392-695d-4fd6-9f26-c15f45d51874,2024-09-08,97,Open,Team A,True,False,True,False
31cd8ab5-4e97-41ec-a4db-cf9c30d8279e,2023-01-29,19,In Progress,Team B,False,True,False,True
875d7642-2b13-4fbe-8475-59285bfd7fbf,2023-06-13,7,Open,Team A,False,False,True,False
ad843f7d-4ac1-422a-b4ed-f9e820137918,2024-06-08,57,Closed,Team A,True,False,False,False
b448d411-4d64-4d9f-b50c-fa710d89e1d3,2022-11-22,62,Open,Team A,False,True,True,False
989ed854-6c3d-4db7-b261-7c2915bad9a2,2020-11-11,71,Closed,Team B,True,False,True,False
59a1bc33-ced3-4c90-b01d-016c0af5b6c1,2020-12-30,76,In Progress,Team C,True,False,False,True
af3e4470-91ed-48b3-8256-a3d64e16b448,2024-03-22,65,Open,Team A,False,True,False,False
d1964456-4b7c-4a2e-aa21-4d464f0af107,2023-01-23,37,Open,Team C,False,False,False,True
d901a83a-faa3-46e8-bc3c-1ae4948cd403,2020-02-20,66,In Progress,Team A,True,False,False,False
857945c9-4274-4292-a476-bc33dd3d8ffe,2024-07-09,75,Open,Team A,False,False,False,False
6955bc9f-318d-4f18-b91e-e197d643131f,2023-08-18,48,In Progress,Team C,True,False,False,True
6389f224-2413-40b3-aed7-ada4b7d32225,2023-06-14,87,Closed,Team B,True,False,False,True
e902a3f2-de1d-4d1a-9c0c-b2f1525ba17a,2024-11-15,40,Open,Team A,False,False,True,False
af9f1398-79db-42cf-b9a5-29b18a9db5e4,2023-02-27,77,In Progress,Team A,False,False,False,False
abc7c175-e0e8-4b69-b990-6df7cf405aa1,2022-05-10,11,In Progress,Team A,False,False,False,False
a69c69d0-aea7-47d1-9157-e24201409f28,2022-02-04,16,Closed,Team C,True,False,False,False
59b486c1-cca1-4e9a-8602-7375dda95da2,2021-10-03,53,Closed,Team A,False,True,False,False
11ee46ea-efd3-4dc7-8ba7-a22ed6f366f3,2020-04-21,46,Open,Team B,False,True,False,True
2b9e2620-dd0a-4699-82e8-3e2f0fd8ce02,2024-08-02,4,Closed,Team A,True,False,True,False
f9f7e578-60d6-4177-8b6f-6ba25e9102fc,2020-04-05,19,Open,Team B,True,False,True,False
9c0b359a-346b-4562-81df-a93b59235f0f,2020-10-26,16,Closed,Team B,True,False,True,False
cfd7995c-0f15-4810-90df-746d5caec0fd,2020-06-27,38,Open,Team C,False,False,False,False
82bb1736-de65-44e6-97da-9cc46b8845c5,2023-01-16,16,In Progress,Team C,True,False,False,False
6acde936-efdb-4d44-ae00-4937074e7c30,2021-07-28,23,In Progress,Team C,False,False,False,False
b8ee6feb-6d59-4a68-93c1-3b510b895581,2024-12-17,23,In Progress,Team A,False,True,False,False
bd67a0b3-dffc-492c-b568-9b838a45bdc1,2020-03-27,13,Open,Team A,False,False,False,True
0def7695-e961-4820-a35e-266a07c46d98,2021-04-04,64,Closed,Team B,False,False,True,False
2de263a1-4d12-4eb7-adc0-8e38966fddf8,2023-08-03,74,Closed,Team A,False,False,False,True
ce3a7c5a-3907-400e-a8fd-df205954d3ae,2020-06-21,97,In Progress,Team B,True,False,True,False
f7e8cb88-516d-4c83-a267-32858cfa3a61,2021-03-08,14,In Progress,Team B,True,False,False,False
244f042a-5941-4995-86dc-4d1c3d1efcc3,2022-08-19,87,Closed,Team B,True,False,False,False
10d49eb4-1924-4ba7-bcf4-a2bf09e19f71,2021-08-06,12,Open,Team A,False,False,False,False
8d23d5f1-6bfa-4b66-8390-4e2ca2ff52fd,2023-12-11,40,In Progress,Team B,True,False,False,False
e8536928-d782-4e40-807a-f4cdd06a2e0b,2023-10-14,3,Open,Team C,False,False,True,False
8273482b-5011-482a-a6fa-b541c6934846,2023-01-08,79,In Progress,Team B,True,False,False,False
0fd47d3d-a43e-4870-b366-c593d2d15a78,2023-11-14,57,In Progress,Team C,False,False,False,False
dd6657cc-d7da-43aa-b28a-0ea1a3ec43d7,2021-04-24,25,Open,Team B,True,False,False,False
1a28c8d8-97a8-458b-bd21-06fb450dfe9a,2021-08-18,48,In Progress,Team A,False,False,False,True
80173494-f84b-4e3b-9944-67c519a797b2,2024-02-04,70,Closed,Team C,False,False,True,False
445bc9ac-9683-425c-bca9-d131e712898c,2023-11-14,24,In Progress,Team A,False,True,False,False
014ce38f-1627-4937-b0ae-54ebc94a154a,2023-06-14,24,In Progress,Team A,False,True,False,False
4cc47b21-c6f3-4900-a078-1a034c6d8fd5,2020-10-02,17,Open,Team C,False,False,False,False
43ad29fe-dc5e-4629-aa7a-2097aef8f520,2023-10-04,31,Closed,Team B,False,False,False,True
0a9c767d-2cbc-4d13-b463-f7ba7cba14ac,2022-03-28,25,Closed,Team B,False,False,False,True
0996af93-6034-4109-b2b5-e22205b10e74,2023-06-21,40,In Progress,Team A,True,False,True,False
bf70aed9-63fc-4aa0-b698-7d4b8b7414b1,2021-08-29,17,Closed,Team C,False,True,False,False
9c54a450-2884-4d5c-97fe-27c7bbed7e61,2024-07-17,95,Closed,Team B,False,False,True,False
f15a2836-1102-4ae2-a97a-61e000a767d2,2022-09-08,2,In Progress,Team B,True,False,True,False
74d83635-3063-44f1-9ca4-84c391e7e810,2024-02-08,35,In Progress,Team C,False,False,False,False
6d6e6446-4f73-47eb-878c-8afaaa547632,2021-03-01,37,Open,Team C,False,False,False,False
12e63c1b-38d2-4b1b-ad85-17be445b7aac,2024-07-10,9,In Progress,Team C,True,False,False,False
1a8ab5d0-1f5d-49b2-ba0e-a504b86ebaa9,2023-12-19,48,In Progress,Team A,False,True,True,False
7be4832f-c458-4cc7-8a6e-983e3dba7b55,2023-11-12,18,Closed,Team B,False,True,True,False
c89ba551-dd81-4fd3-9446-492d068a0497,2023-11-02,30,In Progress,Team C,False,True,True,False
b1c5e61e-0d7e-4742-9eb8-826e3504a4a8,2024-08-19,35,In Progress,Team B,False,True,True,False
4c008926-f92a-4d19-8e8d-71dcf7f1b54f,2023-06-26,54,Open,Team A,False,False,False,False
8ddf5023-02a3-475d-8b69-1b812efb4c82,2020-12-31,35,Closed,Team A,True,False,False,True
b01fe060-aab7-4f76-ba87-73fba56ad1a4,2024-11-29,20,In Progress,Team A,True,False,True,False
58487b5c-a480-4abf-b0cb-f403e854f885,2021-11-24,87,In Progress,Team B,True,False,False,False
2776275b-fab7-4e93-ac24-61281b61a18e,2024-01-31,30,Closed,Team B,False,True,False,False
7f3667b8-8eca-43f4-af1f-6222e4a8d84f,2020-04-17,45,Open,Team C,False,False,True,False
d97998c0-26d6-4835-a78c-3fc1c17c7f41,2022-06-06,54,Closed,Team C,True,False,False,False
b9113cf2-b7ae-4bf8-a4cf-abdc452aa8d7,2020-07-30,83,Open,Team B,True,False,True,False
2ac74041-f85c-4179-a0d2-e6baea9a2f36,2024-12-29,13,Closed,Team A,False,False,True,False
c0aaa88d-7feb-451c-8e34-201a2e8e4723,2024-10-18,65,Closed,Team A,True,False,True,False
af5c7fd1-0705-4978-964a-7b60b0595919,2020-04-24,1,Open,Team B,False,True,False,False
aa8acaaf-f06d-41c6-bd0c-4810b587e3b5,2021-12-18,80,Open,Team A,True,False,False,True
e6ff16ac-9514-4f7f-bf82-dc116217e82b,2021-03-19,26,Closed,Team C,True,False,True,False
ff7a554b-837d-4ce5-8043-79808e206ffe,2021-01-17,90,Open,Team B,False,True,False,False
70e28092-2184-4f4e-ad77-402b042775cc,2020-12-23,13,In Progress,Team A,True,False,False,False
bf409bcc-5afc-424c-97a0-ccc3f1bfc91e,2024-06-27,85,Open,Team B,True,False,True,False
b5c1f447-b719-4428-a7a5-33344d93aef8,2022-04-02,97,Closed,Team A,False,True,False,False
b287241a-8b2b-4405-b815-8b10cf3120f5,2024-06-08,7,In Progress,Team B,False,True,False,True
8a543d08-7907-4e78-bec3-753000acd57b,2020-03-31,94,Closed,Team C,True,False,False,True
cd1e6656-5b00-43c4-a256-03d34f64dcaa,2023-04-16,1,In Progress,Team B,True,False,False,True
e5fcdc92-9632-440d-b6e1-5dc5cec236d5,2021-04-07,83,Closed,Team B,True,False,False,True
6e5d8c06-5cdc-404d-aefc-0de5309b5a0d,2020-08-08,86,Closed,Team C,False,True,False,False
e56e3615-aa53-4a44-8b20-c09c7eecc40c,2023-09-11,92,Open,Team C,False,False,True,False
593552bd-b31e-4961-8898-9e3737be50e6,2021-12-18,30,Closed,Team C,False,True,False,True
0cfe42b9-41f5-4a66-a0e7-d0766a66c974,2020-12-14,84,In Progress,Team A,False,False,False,False
bfbb77d7-64d9-4d8a-aec4-7cd9a67b5779,2021-06-01,77,In Progress,Team A,False,True,False,False
89ee5c4e-9789-4e9a-8cb2-14c99754b8f8,2021-06-14,46,Open,Team B,False,True,True,False
2b7ca9f3-ddbc-4d0a-a201-0a83e90a2848,2020-06-01,98,In Progress,Team C,False,False,True,False
e57ab594-975c-48c5-9d6d-1aca91b7f602,2021-02-17,14,In Progress,Team C,False,False,False,True
684d547e-ccad-467e-b699-094efe405623,2023-01-06,68,In Progress,Team B,True,False,False,True
dabaaf11-1fb4-4dfa-b5f9-2234f91ecbd3,2024-08-30,22,In Progress,Team B,True,False,True,False
8e36fa87-9e41-4f90-a0cb-c085c201409b,2022-12-04,9,In Progress,Team A,False,True,False,True
ab7b8b63-ab83-4393-bcfa-4503e021fd48,2022-06-14,75,Closed,Team B,False,True,False,True
0dfe7faf-fc43-43e0-b21d-c043fd8076e6,2023-04-09,25,Closed,Team A,False,False,False,True
ec5f321a-f79a-4ce2-9a72-2c723fbd2119,2023-03-13,61,In Progress,Team A,False,True,True,False
834cb9d2-b7ae-4762-9736-e4a9fd1a78b0,2023-08-30,67,Closed,Team A,True,False,False,True
d8973bd8-0d47-484d-af25-0fbcd4ebc646,2024-12-19,30,Closed,Team A,False,False,False,True
f6bb868e-17d7-4428-b6cd-475c1cf894ca,2023-10-09,34,Open,Team B,False,False,False,True
c588906f-6d94-47ab-a76b-be76eea0e083,2023-04-28,28,Open,Team C,True,False,True,False
be03bd0b-93d0-4deb-93be-766df708b1f8,2021-07-12,7,Closed,Team B,True,False,False,False
df6588b5-9d12-4e57-ac40-c7d064ed6e69,2020-01-19,74,Open,Team B,False,True,False,True
c5b5bf8a-dfee-4f7c-90e5-93b9ac101f8d,2024-07-15,46,In Progress,Team A,False,False,False,True
4d208d66-fc51-4d07-8767-280bd26fcf45,2022-02-03,53,In Progress,Team A,False,True,False,True
860e42ed-12db-4bca-99ee-1ce50efb7f1c,2023-03-31,99,Open,Team B,True,False,True,False
858879a3-f0ca-4a6d-9aaa-7e5f6c0de3ce,2023-05-02,28,In Progress,Team C,False,True,False,False
3c519bc9-75e1-49ae-8f7f-c11675d132bb,2020-10-09,42,In Progress,Team A,False,True,False,True
dab9e081-15dd-4e07-87da-7d9ff9785f76,2023-10-26,91,Closed,Team C,False,True,False,False
5e49cf51-1022-486d-bacb-e4a682e7cf4d,2024-10-03,57,Closed,Team B,True,False,True,False
21cee781-562e-40f4-bf1f-df22c52b78d0,2020-05-12,9,Closed,Team A,False,True,False,False
1b1a3e1c-d1b6-4c21-bf35-4b5d5bad4867,2022-01-07,40,In Progress,Team B,True,False,False,True
71bafcc4-ae5c-4d8d-a3f6-016364532763,2023-01-05,80,In Progress,Team B,False,False,False,False
b1fe1482-e62a-4cbc-9fb5-904d301ed4ee,2023-01-03,54,Open,Team B,False,True,False,True
f074121d-b05b-43a3-932a-a72210dc2ac8,2024-05-19,10,In Progress,Team A,False,False,True,False
2cb213bd-2863-434b-85da-3b2e1cd9eb0b,2024-03-07,6,Closed,Team A,True,False,True,False
30d6fd9f-f805-4852-a984-d1d46a1d3fb9,2021-04-05,57,In Progress,Team A,False,False,False,False
8e233ca0-c9e3-44de-a484-7ae2d96eba07,2023-04-10,87,Closed,Team B,False,True,False,False
9aed5172-9435-4963-aa42-8a1fe5c98852,2022-07-15,84,Closed,Team B,False,False,True,False
3e2d321c-ea61-4a9a-afc0-4f855a2c59f4,2024-04-17,64,Closed,Team C,True,False,False,True
7784222f-eb3a-4195-a2bf-23eed59d5e7e,2022-11-14,28,Open,Team C,False,False,True,False
e48ee4a9-828c-4226-9171-800657a00d11,2022-01-24,10,Open,Team A,True,False,False,False
ea481916-8e6f-44eb-b89c-9ad50f4009a7,2024-11-29,36,Open,Team C,False,False,True,False
a206e049-efcf-4bad-8fed-91cb32c01d65,2023-10-20,23,In Progress,Team B,False,False,False,False
7e5beeef-2437-4bdb-81a0-450bf9983726,2021-06-25,79,Open,Team A,False,False,False,False
82768ba2-d6aa-4881-803d-9defc0839d36,2020-10-01,29,Closed,Team A,True,False,False,True
8210b15c-4e62-4211-a216-999a50a59149,2023-06-23,26,Closed,Team A,False,False,False,True
2ae20adc-7e12-499f-8dc4-6d87198c3a8c,2024-10-03,76,Open,Team C,True,False,True,False
61a7af0a-59e5-4d75-9dfe-0eef4a92370e,2021-03-08,98,Open,Team B,False,True,False,False
708584b4-2739-48b3-a7c6-a121632c81b3,2020-12-20,91,Open,Team B,False,True,False,False
a3ea8e91-fe79-4ecb-a8bd-bbda2a0ef41f,2021-04-21,24,In Progress,Team B,False,False,False,True
bf2710c7-cd14-4c71-831e-ac80cfa9dae6,2023-12-20,90,Open,Team A,False,False,True,False
c4adb117-222d-416a-8671-c59e4dab517e,2024-02-10,1,In Progress,Team A,False,True,True,False
4ba34ad7-1c50-4c4b-a032-49ca23f63562,2022-07-05,97,Open,Team B,False,True,False,False
d81d3a18-7bc5-4c1f-adb5-574ca493947a,2023-08-08,37,Open,Team A,False,False,False,False
8c573a27-85df-4c93-bc33-0bef9ca3fd1f,2021-01-19,92,In Progress,Team C,False,False,False,False
d2b74c50-5818-48fc-b461-1f6fa5651b7c,2023-10-04,60,In Progress,Team C,False,False,True,False
3f138ae1-e4dc-466c-b9f1-fe2638757171,2020-04-14,56,Closed,Team C,True,False,True,False
eaea8d95-8264-449e-9aee-ec204215d9fd,2020-05-24,5,Closed,Team B,True,False,False,False
536b9e22-9420-4a5f-b22e-0a274d08c22c,2020-10-14,48,Open,Team B,True,False,False,True
9158f3d8-967f-470b-a33d-eeb2f9eed1a2,2023-05-08,23,Open,Team B,False,True,True,False
4601e01a-c42e-46fd-b0aa-4722ead6cb1b,2024-10-08,93,Open,Team A,True,False,False,True
3ad13872-6ecb-4dab-865d-eb9cdfe6dc3f,2022-07-22,42,Open,Team C,False,False,False,False
97d80375-6953-40ac-8d47-4f0a50b53f56,2024-03-23,90,Closed,Team B,True,False,False,False
d6c1cf52-29e9-4652-8123-7c8400a202a3,2022-05-16,91,Open,Team C,True,False,True,False
1b2892fa-462e-48a5-ab49-171f2438f9b2,2022-05-26,75,Open,Team B,False,True,True,False
f8c00e35-c40b-4e81-82c9-484d5e040690,2023-03-03,96,In Progress,Team B,False,True,True,False
ac054129-8afa-40b9-b485-db522342ef55,2023-11-13,85,In Progress,Team A,True,False,False,False
fa640662-c065-410d-85cd-8150beb1ce84,2021-07-09,13,Closed,Team C,False,True,False,False
984450ea-94c1-41fc-bc6f-dcc38052462b,2024-01-13,62,Open,Team B,False,True,False,True
38fe2df4-5c7f-40f7-840d-d67319c1d611,2021-09-09,65,In Progress,Team C,False,True,True,False
52475d79-5b4b-44af-8629-6c21faaf5536,2021-11-27,65,Open,Team C,True,False,False,True
8f8e7759-2d53-40ba-b726-e8599cb3f87c,2023-04-13,46,In Progress,Team C,True,False,False,True
90307a87-f38c-4a7c-a7e1-cc820e2ace70,2022-06-15,59,Closed,Team C,True,False,False,True
cc1aa462-c2a8-4ecf-a244-43d3a481a867,2023-06-04,45,Closed,Team B,True,False,True,False
0a213b77-711a-41a6-8c35-3928b78fb179,2023-07-21,78,In Progress,Team B,False,False,False,False
fc93e838-593f-49cf-8a4b-f8899a0e51d9,2022-04-15,58,Closed,Team B,False,False,True,False
4218d09c-16f8-450d-8aef-5c3799741633,2024-11-05,47,Closed,Team C,True,False,False,True
afd6c9c3-d84c-4ebd-8519-aad126e9c02c,2022-11-13,56,Closed,Team C,False,True,False,False
26813961-d841-4fea-ae21-90b04ff36111,2024-01-10,30,Open,Team C,False,True,True,False
449c95ae-5ac0-4ee0-8037-abac1aca125e,2021-07-07,36,In Progress,Team B,False,False,True,False
5c69f629-f016-4e0d-acbc-fcec949e91fa,2021-07-02,91,Closed,Team C,False,True,False,False
6203e672-c784-4231-abcc-d6a3a65e05d6,2023-06-02,30,In Progress,Team B,True,False,False,False
4ef131c6-63c0-4413-94d6-a67ae0f95c80,2021-02-01,51,Open,Team B,False,False,True,False
8d8e364c-1dfb-402b-9395-b8c2f7b2ac84,2021-07-10,18,In Progress,Team B,True,False,True,False
8e1c0160-9325-4827-a467-a124209a6afb,2021-07-08,42,Open,Team A,False,True,False,True
930a35ec-4cbb-4ec2-aaff-6f0adfd8add4,2024-04-08,92,In Progress,Team B,True,False,False,True
ec879a86-49be-4dd0-bee2-f06f48957b40,2020-05-16,35,Open,Team A,False,True,True,False
102111ea-03f3-4b8b-8206-16efdfc229f2,2020-06-09,41,In Progress,Team B,True,False,False,False
6f4c05dd-6a31-4039-86fb-a3aedcb0a87c,2024-06-26,35,In Progress,Team A,True,False,True,False
9f53edba-97ee-4d44-b3ed-94bec791b508,2024-08-05,64,In Progress,Team C,False,False,True,False
40164599-eaa2-4afd-b22f-261359930697,2024-10-15,77,In Progress,Team B,False,False,False,False
b30428f0-49c5-4d6d-92e4-cc3eb374b724,2020-01-23,93,Open,Team B,False,False,True,False
b1ca4824-350e-4794-a2b5-592cc2526c85,2023-06-04,70,Closed,Team A,False,False,True,False
6b70d54f-2d0e-4460-a631-cab81773c9dd,2020-08-16,91,Open,Team C,True,False,False,True
2a440dda-17b2-453d-a61b-52d853463516,2022-11-12,42,In Progress,Team B,False,True,False,False
6588eebf-aaa3-42d4-8cec-f76e31297e37,2022-06-14,11,Closed,Team B,False,False,True,False
0f3d576a-7bfa-4766-9afe-e17407579bcf,2021-10-15,74,Open,Team B,False,False,False,True
be1e8fdf-ba7f-451d-b33b-57733f8d31b4,2023-06-29,4,In Progress,Team A,False,True,False,False
c073d3e5-a3d6-44ea-939e-c47cbfe54d03,2024-12-27,36,Closed,Team C,False,False,False,False
05245c32-d80c-4a72-a295-0bbf0a1ff08f,2024-05-19,11,In Progress,Team B,True,False,False,True
8cf28eef-55e5-4471-9999-3c4e0b10e6f8,2020-05-29,50,Closed,Team C,False,False,True,False
770a1222-d969-4163-9d2c-a9b8d8a27c33,2023-01-26,35,Closed,Team A,False,True,False,True
baa12a80-4dda-420b-8b77-b0a175cfc4bf,2023-06-04,77,Open,Team B,False,True,False,True
2b531aeb-0327-4a49-901c-83eaf47c1fc9,2020-11-28,26,Open,Team B,True,False,False,False
d79b13fc-1265-4ece-b3f7-7202e777a418,2022-10-19,76,Open,Team B,True,False,True,False
69a7db63-fe94-4b50-9287-d2d8359a207e,2023-08-06,1,In Progress,Team C,True,False,True,False
4980792a-9d45-4e5b-87f9-12413c9d0911,2024-12-06,98,In Progress,Team B,False,False,False,False
021acdb3-5393-40d7-807d-49800ae7c776,2024-02-23,61,Closed,Team A,False,False,False,False
72ef24ae-c37d-44d0-9ad1-82c71c99e970,2020-03-24,20,In Progress,Team A,False,False,False,False
91117298-84d3-4306-8b0f-dcfe5d5b6b71,2022-03-22,7,Open,Team A,True,False,False,False
80b38fe1-4265-4b39-835b-be0fdd61758a,2023-02-17,32,Open,Team C,False,False,True,False
cdf1b89d-3e11-410c-ade4-b5db8d5e4d49,2022-05-05,20,In Progress,Team A,False,True,False,False
89baf05d-ac87-4e31-9d05-63c05756380b,2024-10-15,29,In Progress,Team A,False,True,True,False
6ddec741-1d94-4af2-aab7-a367831c0af9,2021-04-06,70,Open,Team B,False,False,False,True
cf4c8547-1562-4472-84c7-9871e19b2654,2023-11-07,80,Open,Team B,True,False,False,False
af624ae7-676e-482b-89d4-107d707334dc,2023-12-13,93,Closed,Team B,False,False,False,False
e48d5b49-b52d-4abb-a6f4-2cd7222f67ae,2020-06-08,11,Closed,Team A,True,False,False,False
f27946ed-9c47-4c74-8318-5ef509d165ef,2024-01-08,1,In Progress,Team A,True,False,False,False
b5abb553-e25a-49ef-955c-e465b249b469,2022-01-24,35,Closed,Team B,False,False,False,True
a2f5d114-9e99-4539-9dc6-4f700c2c1e40,2021-12-25,27,Open,Team B,False,True,True,False
666aaf8e-2c7e-4c70-9da2-418ad5c2e286,2022-07-02,29,Closed,Team C,True,False,False,False
5385a606-44cd-4986-896b-f1de0c47a08a,2021-04-07,91,Open,Team B,True,False,True,False
6f0b9bc5-d785-4bf8-879f-51c0b80846f1,2022-04-30,22,Closed,Team C,False,False,True,False
8bce1d05-9f18-4075-94b4-e79a43b6ff79,2020-04-08,8,Closed,Team C,False,False,True,False
635ef799-e803-4db7-8397-48dd20d2f5f2,2022-01-21,14,Open,Team A,False,True,True,False
d01d70e2-6fea-4174-bbab-8ad14c6e0bb7,2020-08-11,30,Open,Team A,False,True,False,False
6be3dbbc-b359-4b4f-8927-003e44385453,2024-01-11,33,In Progress,Team C,False,False,False,True
0a2cdc89-2492-4fce-84da-3640664f3590,2021-10-26,96,In Progress,Team C,False,False,False,True
c1cad21b-f4d7-4025-90c5-c6e62d6afc0d,2023-07-13,51,Closed,Team A,True,False,False,True
5fe40b78-6bdc-4586-9368-5a2249aadda7,2022-02-28,90,Open,Team C,False,True,False,True
0186f44a-85e0-4f88-9937-ef23e397b441,2024-03-18,10,Closed,Team A,False,False,False,False
9175e3a6-d003-4d6b-bca0-c8bef82e9ed8,2022-11-15,28,In Progress,Team C,False,False,False,True
cf2281d1-6ab8-4e87-9aaa-c4194961805d,2022-09-16,20,Open,Team A,True,False,False,False
00b1655a-888f-4ffd-97d3-df3931b26f25,2022-07-28,37,Open,Team B,True,False,True,False
4b5484db-5fb5-479f-a008-0712f0abde4f,2023-10-08,96,Open,Team B,True,False,True,False
19dc5a4a-2bfb-4999-8208-17b85fc2a6e5,2020-03-30,54,In Progress,Team A,False,True,False,False
94b6b6a7-7297-4934-8944-9d2fe28f6661,2024-05-30,54,Closed,Team C,False,True,True,False
748e206a-d9a2-4baf-bebc-886984bf2b15,2022-03-27,89,Closed,Team A,False,True,False,False
4269f4b8-c9cb-49c7-b20d-13db3e4cd4fe,2023-06-18,57,Open,Team C,False,True,False,False
add9f84b-4253-4b42-be23-e2a2bd6a2764,2020-07-22,95,Open,Team C,True,False,False,False
0a8c4419-7bfe-4984-9463-c9c9541cb520,2024-11-20,39,Open,Team B,False,False,True,False
19a41f52-9157-452c-b063-9a5cd4fb5069,2021-06-25,57,In Progress,Team A,False,True,True,False
331fd8cc-5233-4419-82db-4b74c6822808,2024-05-11,27,Open,Team A,True,False,False,False
bc706a91-8248-4e58-b3ef-be7fc4af15df,2024-09-14,47,Open,Team C,False,False,False,True
2287537e-7f1c-4b2e-a5b1-fd62b49d6a95,2023-09-09,42,Open,Team A,False,True,False,False
305b53ae-1008-4b70-a975-c52347b6e38e,2023-12-04,37,Open,Team A,True,False,False,True
9ab5ca48-5900-4025-98bf-b40bbb2f5158,2021-09-15,28,Closed,Team A,False,False,False,True
83a4479b-af39-4cff-980e-64b7bbdb0065,2024-10-17,57,In Progress,Team C,False,False,True,False
9b96d35c-013f-4a7e-857e-b2c1c52a93ed,2022-10-29,17,Open,Team C,True,False,False,False
1da03fd3-9190-473b-b0c2-37ed4a93bf4f,2020-12-12,44,In Progress,Team A,False,False,True,False
14d6a5a9-d336-461d-ab9c-11fea676369c,2021-04-03,65,In Progress,Team B,False,False,False,True
5661188a-6d36-48e1-b097-5f6e098d5d09,2021-05-02,22,In Progress,Team C,False,False,False,False
0838b7b2-3a73-4b5f-847f-18d8d6e4ce9a,2020-06-04,55,Closed,Team B,False,True,True,False
d42c540b-24eb-4ae0-bfd4-a127018c2086,2023-06-20,49,Closed,Team A,False,True,False,False
0d655418-58e7-4c4d-bbb5-b5393036313b,2022-07-30,8,Open,Team B,True,False,False,False
837c2e9d-e8e6-4acf-a8cb-a3e1756a3696,2020-02-15,37,In Progress,Team C,False,True,True,False
23649635-a1fb-4a0f-82d2-8ac2d22e91f7,2024-06-15,56,Open,Team C,False,True,False,False
3a00f23b-4157-4516-905e-8b914e3e878e,2024-08-05,80,Open,Team B,False,True,False,False
d559bf91-bf48-4ac3-b25c-9df5aff2d396,2022-10-02,68,In Progress,Team A,True,False,True,False
602cf407-1709-468d-b43e-af971b4fd853,2024-12-09,89,In Progress,Team C,False,False,True,False
6a5cc38b-f9d1-4588-9871-d013e86401b8,2023-01-02,63,Open,Team C,False,False,True,False
0bdad960-ff51-4d90-8da0-eefa516e5b3e,2023-03-07,39,In Progress,Team B,True,False,False,True
efe202c3-6ece-485b-998b-ce66c6caa329,2023-12-12,8,Closed,Team B,True,False,False,True
ff3731a3-2459-4bb8-8545-bc7e60e3f187,2020-10-29,48,Open,Team C,False,False,False,True
74a9949b-e857-4237-9507-c6e570928be8,2020-03-16,74,Open,Team B,False,False,False,True
cbc154c7-4241-4ae6-8445-f7bbd1224549,2022-04-18,28,In Progress,Team A,False,True,True,False
18e15585-0bff-4f31-80bc-15470d41442b,2022-09-07,84,Open,Team A,True,False,True,False
d44145d5-a489-407b-929c-c7884460999e,2021-09-19,85,Closed,Team C,False,False,True,False
19cb6561-6d9d-44a5-8b58-4e78828612e9,2022-01-15,33,Open,Team B,True,False,False,True
b01ef89f-c9f2-4ca5-81af-0ed0d19266c0,2022-12-18,10,In Progress,Team A,False,True,True,False
c0f5865f-9b35-46f0-a1b3-46182c0d15e4,2022-05-08,76,Closed,Team B,True,False,False,True
fa9d0c44-df58-4513-aecd-8579ea9b5f7f,2021-12-05,11,In Progress,Team A,False,False,False,True
885dd93d-9d02-439c-94b6-ecfefe567e17,2021-06-29,47,Closed,Team C,False,False,True,False
3e9004c9-c29a-44a7-94d3-a143052d345e,2022-12-26,66,Open,Team A,False,False,False,False
56d2ce93-f027-4e27-bda2-cba1bc06cb5e,2024-12-21,89,Open,Team B,False,False,True,False
d87e87c9-68dd-423d-98f3-47f970073aaa,2021-08-24,22,Open,Team A,False,False,True,False
2ed73505-ccd0-4043-bdb4-cbc412b420fc,2020-10-28,5,Closed,Team A,False,False,False,False
95aa568c-740d-4365-bb7b-2590d84059b9,2023-09-24,91,Open,Team B,True,False,False,False
b00b25e5-3605-46b5-bcc3-2fa9b07e8b36,2023-11-15,10,In Progress,Team C,True,False,False,False
41c7caf1-f043-4bb8-8dda-fd00d715183c,2024-12-18,41,Closed,Team B,False,False,True,False
373898e0-a70b-4f87-96eb-0aeadd64f99f,2023-11-12,71,In Progress,Team A,False,False,False,True
849e7daf-7d58-4c8e-b53b-b9bd046179ac,2020-10-30,87,Closed,Team A,False,False,True,False
3b6a16b6-8e7f-4aef-a6e5-6e63fbe78b2a,2023-04-19,76,Closed,Team B,False,False,False,False
6c6617d7-15a3-4aea-be07-8973d1a00e6c,2022-02-19,75,Open,Team B,False,True,False,False
3882f23f-8e40-4bfd-9a6a-adb93e2e33cd,2020-05-09,23,Open,Team B,True,False,False,True
c65cb336-07fc-4797-9043-b86d0b190946,2023-05-12,95,Closed,Team A,False,True,False,False
fa74b62d-897f-4624-9054-47324013d622,2022-08-03,76,In Progress,Team A,False,True,True,False
54f6a8cf-926e-4f9e-9dc1-936146c4fee3,2020-04-03,16,Open,Team C,False,True,False,False
f10c88d6-613a-4bfc-bbe8-d36b0531c3a4,2022-06-08,22,Open,Team B,False,True,False,True
72463c5b-a62e-4ad3-b01a-b6aec4a63ab3,2021-08-03,85,In Progress,Team B,False,False,False,False
82eec351-3c55-4257-9aeb-3956e8978355,2023-09-27,52,Closed,Team A,False,True,False,True
72d86181-b6dd-4ac1-8276-e3d907341a6b,2023-10-04,45,Open,Team C,False,False,False,False
3e62ea5c-97ac-45d3-aa3d-e5b91eba2222,2022-09-21,95,In Progress,Team A,False,True,False,False
8bd45970-ea7a-42b1-a09c-a1f60cc37464,2020-10-25,55,Closed,Team B,True,False,False,True
3a3a1f23-cda1-409d-a311-2c1734963231,2024-01-04,48,In Progress,Team C,False,False,False,False
082c70ee-8287-4865-b194-c05f95c5f4f6,2022-09-12,50,Open,Team B,False,True,False,False
54d07428-9ba4-4a86-be2a-d900f1b6edfd,2020-12-28,63,Closed,Team A,True,False,False,True
a916ed54-feab-46c2-ae05-218408ae8670,2023-11-07,47,In Progress,Team C,False,True,False,False
74845e65-dce5-4505-83ef-38eb7d10b083,2020-09-07,9,Closed,Team C,False,False,True,False
18ff6dfb-5c03-4da7-be12-d6222a548268,2022-09-27,79,In Progress,Team B,False,True,False,True
9690d814-ed3e-4996-8e0f-3b9c02244e2a,2021-12-10,68,In Progress,Team A,False,False,True,False
f37a5005-58e9-44d9-b778-7e6e5969bda1,2020-08-25,91,Closed,Team B,False,False,True,False
5024efb5-8497-4cd5-b90d-68370933c888,2020-06-02,2,Open,Team C,False,True,False,False
1a0096c9-1236-4958-8adb-7a9aad043173,2024-01-10,58,In Progress,Team C,False,True,False,True
0a8772e1-6f20-4fad-96e1-ed95d64d4898,2024-07-25,31,Open,Team B,False,False,True,False
771043c5-8916-4b85-a624-09bfae98013a,2022-07-13,49,Closed,Team A,False,True,False,True
dc46c7be-e803-424b-818c-f3671b048837,2021-12-19,24,Closed,Team A,False,False,False,False
bc201728-b5e5-4124-8be2-061125f3f02d,2022-05-07,95,Closed,Team C,False,False,False,False
dc18f0b9-e240-4813-a23a-6a77d08e94b7,2024-03-20,95,In Progress,Team B,False,False,False,True
d6e75633-da0c-42ef-a190-36331e0ef963,2021-07-29,13,Closed,Team A,False,True,False,False
905abb11-b809-4a9d-a374-a3cd6e98a009,2021-02-07,99,Open,Team A,True,False,False,True
139d3a25-16f5-4df9-b4aa-1516783b2f73,2024-04-26,39,Open,Team C,True,False,False,False
1dea264d-752a-42e9-97ac-031226f64078,2020-01-11,38,In Progress,Team B,False,True,False,True
a53e52b2-2bd8-47ae-b661-f91e5e45c50d,2023-11-04,99,Open,Team A,False,False,False,False
d58c0ed8-19bd-47cf-b4d3-719e07cd9e7f,2020-09-01,45,Closed,Team B,False,False,False,True
2ba19d52-f1a4-430b-a801-9cec49a59856,2020-12-15,41,In Progress,Team A,True,False,True,False
784e7333-1806-4a15-b6d6-c3a6090f88f6,2022-06-25,51,Open,Team A,False,False,True,False
f3a5bebb-25b4-45f7-8f91-170a615a0b96,2023-01-28,38,Closed,Team B,False,False,True,False
a90761ff-22e4-4a62-b1bb-13596c277dd7,2022-01-01,55,In Progress,Team A,True,False,False,True
bb36efd1-a6bb-431c-ad46-aefb6f7c3c16,2020-03-17,87,In Progress,Team C,False,True,True,False
bf3c3c09-f10c-4f0e-b4a2-f34032295f3d,2020-04-21,8,In Progress,Team A,False,False,False,True
153e15dc-11cc-4c8f-afa0-9410c757fc0f,2024-11-24,55,Open,Team A,True,False,False,True
7bc8aaa4-a3b3-44f5-ae0d-43339721b3a9,2024-12-03,87,Open,Team C,True,False,False,False
1a3e5ebf-4805-48a8-b871-634023861675,2020-05-23,60,In Progress,Team C,True,False,False,True
8bf1eea7-2d8f-4397-9c03-72f97c20c0f6,2024-04-08,60,Closed,Team B,False,True,False,False
a16535e1-f207-4529-8a12-fe929862071d,2024-04-25,93,Open,Team B,True,False,True,False
351b9db9-0adc-42b4-b1e3-48d80421baea,2024-01-12,80,Closed,Team A,False,False,False,False
2e415655-f050-4f1b-96d5-7248bfb6605e,2021-05-30,19,Closed,Team B,False,False,True,False
ac1f0cd0-ccec-489a-abe2-6f07cc24ea40,2020-03-26,24,In Progress,Team A,False,False,True,False
15e16dd1-de93-4091-864d-d8c73cb3a027,2020-07-28,68,Open,Team A,False,True,False,False
0269a5ad-0e53-4e10-8884-d44db24a6714,2021-10-11,57,Open,Team C,False,False,False,False
898afd54-ab9b-4fac-839f-757932b7c9b4,2020-09-04,6,Closed,Team C,True,False,True,False
d49cbcf8-72df-4502-bfea-468160eb4853,2022-06-18,18,In Progress,Team B,False,False,True,False
90814e82-56ac-4795-a892-43555d941fbe,2023-04-15,53,Open,Team B,True,False,False,True
cdd24d9a-94a9-4bb4-8409-2d40f15edfec,2021-09-21,31,Closed,Team C,False,False,False,True
c0dc7d18-cd83-4268-ac14-b9dd8416387e,2021-01-03,94,In Progress,Team C,False,False,True,False
d2815339-0fae-4fe2-a46c-2770cb11f34d,2021-01-30,95,Open,Team B,True,False,False,False
71ef677a-243b-45e2-bede-c4474201b3d5,2023-01-10,58,Closed,Team B,False,False,False,False
fe5d6ae8-8e21-4e09-b696-e6205920e404,2023-11-19,81,Open,Team A,False,True,False,True
46150f77-50de-46ea-8e95-40564ac984b9,2024-05-06,29,In Progress,Team A,True,False,False,False
aa854d0a-fa2a-4a71-8d26-a39dfc37d4eb,2022-12-04,18,In Progress,Team B,False,False,False,True
69378360-2aea-4891-bca4-3e64c28ce573,2021-11-25,52,In Progress,Team A,False,False,False,False
86f303ae-205a-4dcb-b8df-abc41b255d97,2020-01-02,54,Open,Team C,False,True,False,False
b6503210-e444-4ada-b1fc-d062eb708524,2024-04-07,4,In Progress,Team C,True,False,False,False
696b8438-e285-406e-a5e3-663697fd5304,2022-07-14,29,Closed,Team A,False,True,False,False
a3f57e39-9a68-48ad-bf7a-e41d5af5b338,2023-07-26,60,In Progress,Team A,False,False,False,True
2ef4b449-f5e9-405b-9be4-1ef7ca385b5c,2024-10-18,56,In Progress,Team B,False,False,False,True
42bfe583-d651-4f1d-ac6f-88d94f88ab6a,2024-08-14,27,Closed,Team A,True,False,False,False
e86358a2-d32d-45f0-a86f-9506aca9e868,2023-07-27,13,Open,Team A,False,True,False,True
d214c104-333a-469a-b7af-66b5399bb362,2024-08-07,12,In Progress,Team A,False,True,False,True
f60d2892-696a-4c97-972e-199f046e5b0d,2020-11-14,75,In Progress,Team C,False,True,False,True
d178d34f-ea0b-4119-8f4c-ec3298d96afc,2021-07-18,95,In Progress,Team B,False,False,True,False
387fd60d-db22-4f4f-b18d-577382b80167,2020-03-19,9,In Progress,Team B,False,False,True,False
65f7b1d1-a886-4a08-863b-d11b9861f3d3,2023-02-20,23,Open,Team C,False,False,False,True
fd7930ef-a93b-4f49-a6dd-642dbca5b420,2022-12-22,18,In Progress,Team C,True,False,True,False
a8ce0841-a773-4344-a6d2-3f47e1148463,2020-11-11,3,Open,Team C,False,False,True,False
8606828b-19b9-425f-a8de-ea2882ee30ba,2020-01-23,27,Open,Team B,False,False,False,True
3cb17788-631d-45b2-9bd7-34873ddaf724,2021-01-29,38,Closed,Team A,False,False,True,False
5a2806af-45ab-4de9-94a7-4bb7e8459dc7,2022-10-23,42,In Progress,Team A,True,False,False,False
58a9061a-bc7a-4bb0-93d8-1a9809253c39,2022-09-30,48,In Progress,Team C,True,False,False,True
f0eb0af4-4430-411f-bc55-6a842e831af8,2024-11-12,70,Open,Team B,False,False,True,False
10f43841-679f-4247-b0f0-93714f9fa736,2023-10-18,35,Closed,Team B,True,False,False,True
358000ab-9fae-456b-9ae0-fa4b08e6e94e,2022-08-31,98,Closed,Team A,False,True,False,True
577f813f-6235-4fc7-ace6-972e2bf4e81e,2020-09-24,31,Open,Team A,True,False,True,False
d521ea28-2637-4b0d-a517-9f08ba54acaf,2022-01-25,67,In Progress,Team C,True,False,False,False
04c9108a-5ade-40ed-a31d-9f1034889be3,2023-04-28,61,Closed,Team C,False,False,False,True
2c4c6950-0236-4aac-8ba6-bb8f91e039bf,2020-12-05,76,Open,Team B,False,False,False,True
1f18ad83-ca91-45a2-bdad-9af30ebe4d20,2022-12-26,95,Closed,Team C,False,True,False,True
f2b56b24-2da3-44c5-888a-1c99ee2db768,2023-11-08,48,In Progress,Team C,False,False,False,True
d30c2a0e-ac41-433c-beff-b93bc0723e95,2023-09-30,9,In Progress,Team C,True,False,False,True
7a116282-fc65-4e70-8ce8-355a814bba0a,2022-01-07,25,Closed,Team C,False,False,False,True
0e7f2f7f-19ac-49ad-a6a5-423d434d841b,2021-04-22,71,Closed,Team B,True,False,True,False
7c7bf07f-55fb-410b-96e1-3529a1338c94,2023-12-13,31,In Progress,Team B,False,False,False,True
ee7fa334-dda0-411b-a328-dd076864c8fb,2022-06-21,81,In Progress,Team C,True,False,True,False
a9483c87-fc5e-4d21-b8f2-e6ceda6274aa,2023-09-19,75,In Progress,Team A,False,False,False,False
a23350ef-679e-452e-8a68-b0d4c4d3a2a2,2022-12-27,49,Open,Team C,False,False,False,False
85eded38-369d-413b-a5f9-265be7c2514f,2024-01-22,64,Open,Team C,True,False,False,True
c5c109a8-90cf-4f25-97e2-76674c24ab03,2024-07-30,14,In Progress,Team B,False,False,False,True
76469a29-1073-40d2-9f33-6726723dfda6,2022-07-03,78,In Progress,Team C,False,True,False,True
627a0d5f-8f8c-4a22-bed5-b51c48de4c84,2024-04-15,79,In Progress,Team C,False,True,False,True
4dff4ec4-c1f6-4aa4-a484-59eb7d99524e,2022-07-27,96,Open,Team C,False,True,False,False
123559e9-6a6c-4be1-8f30-82286a771e5e,2020-07-16,81,In Progress,Team C,False,True,False,True
90f804a6-0f2f-40d8-a6cd-7403f98c7334,2020-07-17,70,In Progress,Team A,True,False,False,False
f0bf2cc5-164e-43f6-b8b0-2cd901f8efe2,2023-02-12,60,In Progress,Team A,True,False,True,False
deea6d71-133f-4154-8e15-69c0709feb7c,2020-04-18,44,Closed,Team A,False,True,False,False
449d2153-4f82-47e1-8403-43d2df0f9393,2021-09-27,85,Closed,Team B,False,True,True,False
799deb1c-daa7-4429-abe6-42ef8892f817,2022-03-29,97,Closed,Team A,True,False,False,False
950bafb8-6fd0-49d8-99d4-a643785206fe,2022-06-04,5,In Progress,Team C,True,False,False,True
f2e095bf-30d7-4825-bc27-31bb51c267cd,2022-05-17,11,Open,Team C,False,False,False,False
290b5467-bb75-452f-aa5c-996c7a8ffa4f,2024-04-22,43,Open,Team B,False,True,False,False
1b045eb9-902f-41b4-8f18-271c9504c810,2020-07-20,51,In Progress,Team C,False,False,False,False
55fb297c-b523-4d97-a53c-90b9c221f64f,2024-02-14,87,Open,Team B,False,False,False,False
f03f507f-3762-4330-9668-ce66b0c6ea6e,2023-07-12,18,Closed,Team C,False,False,False,True
1dcc853b-8902-44f4-bacc-36610ca2d6cb,2023-10-21,7,Closed,Team A,False,True,True,False
7accda6d-92d6-4fcc-be21-9132dd72cd2b,2022-06-24,70,In Progress,Team B,True,False,True,False
e42c39f1-1074-42b8-8208-bb4c172e4edd,2024-01-26,34,Open,Team C,False,False,False,False
13abc6ad-d639-4e8e-835e-92debd68ea27,2022-05-04,74,Closed,Team C,True,False,False,False
d3d2d7a0-14cb-4867-82f9-4cf6220c0a14,2020-01-03,96,Open,Team C,False,True,False,True
2371140d-2a10-4f4c-a45a-b0ffa1185fad,2020-11-25,57,Open,Team C,True,False,False,False
4621b727-1fce-4127-92c6-b60d937c29c3,2022-08-20,47,Open,Team A,False,True,True,False
ac88260f-179d-4356-93ed-6288b9490b16,2022-04-26,35,In Progress,Team A,False,True,False,True
43cc2be1-92ea-4e32-aabe-1a0e90914ce0,2023-12-16,69,In Progress,Team A,False,True,False,True
4bca85cf-a9ce-4eae-be40-427aab7285c6,2021-02-13,85,Open,Team C,True,False,False,True
0c3c386d-e536-4ced-b6af-00525c6628fb,2023-06-23,64,Open,Team C,False,True,False,True
95675624-d40e-4f0c-8860-2386115e4054,2022-05-30,27,In Progress,Team B,True,False,True,False
bdc5b9f1-01f1-46b5-8b16-b147000d348d,2020-01-05,5,Closed,Team C,False,False,False,False
82757b17-5ee3-4f04-8d22-03dc7821fdb3,2020-08-11,33,In Progress,Team C,True,False,False,True
305bb300-5de3-4038-b0b5-178e9b2e4afe,2020-08-08,35,In Progress,Team C,True,False,False,True
e518b213-6712-42a7-a4d7-3cebf0950ae6,2023-03-11,68,Closed,Team A,True,False,False,False
828cf277-bd6c-47e5-8960-f8b3a65c1b8d,2020-07-14,59,Closed,Team B,False,True,False,False
e6b3db1c-711f-414a-b597-07d4a6a83010,2022-12-23,84,In Progress,Team A,False,True,False,False
bbbeb12b-ebba-40f9-9876-94b0ad22e9ad,2023-11-01,41,Open,Team A,False,True,False,True
9cb168c2-8a49-4a45-98a4-92e9109a0ddb,2024-09-03,72,Closed,Team C,True,False,True,False
316316d6-a398-4ba3-90f9-e41fedea3bef,2021-06-25,33,Open,Team C,True,False,False,False
2a10018f-ef45-4ac2-98b7-502aa12820de,2022-05-26,78,Closed,Team A,False,True,False,False
e63c3600-97a2-4a7b-91f8-7cf230bcba4d,2020-10-07,84,Open,Team B,False,True,False,False
ec6d8247-8f11-4c0f-89b5-fafa40cdc7bf,2020-01-25,77,In Progress,Team A,False,True,False,False
9072c2b4-bf10-4428-9a1b-cc00ae9b6d06,2024-12-14,16,Open,Team C,False,False,False,True
7659e410-a4ce-4f5c-aba1-19421fbf6ea0,2021-10-15,4,Closed,Team B,False,True,True,False
358a5af3-ab0b-4172-b17c-067cc090e34b,2024-10-29,69,Open,Team B,False,True,False,True
9acc6f3e-16d8-4759-a69b-e7c26ea49f87,2022-05-28,52,Closed,Team B,True,False,True,False
94ac38ba-c471-466c-bafc-65b88dba430d,2021-10-27,16,Open,Team B,True,False,False,False
006a07db-c687-45b2-97ad-3384e62ac453,2020-06-23,65,In Progress,Team C,True,False,False,True
1e847fb2-cbfa-4b1a-b8dd-36f986535ecf,2021-10-09,71,In Progress,Team B,False,False,True,False
4eae5d8e-ddeb-4af2-a26b-33153a286f15,2024-07-05,26,Open,Team A,True,False,True,False
9aa0127d-46a4-48b1-b2c0-b2c858201bb1,2022-05-07,34,Closed,Team C,False,False,False,False
a155905a-f43b-427e-9d5a-d3be00b77f5d,2024-12-13,10,Open,Team A,True,False,False,True
277cb41c-f93c-4fe7-95bf-7570bb21ec26,2023-06-17,87,In Progress,Team C,False,False,False,True
5a7fbe6d-7d90-470c-ba38-9cfda547aecd,2020-05-04,20,Open,Team A,False,True,False,True
776be62f-6daf-4108-9353-aad3cc2f548d,2021-12-06,70,Open,Team A,False,False,False,False
46ef0804-c853-4edb-aca3-8c8e35e9598d,2021-05-31,53,In Progress,Team B,True,False,True,False
7d49d042-2582-4b3f-9763-5abf6867f823,2021-02-17,79,Closed,Team A,False,False,False,True
1e77f90b-4c2c-4602-b8aa-ad92263a7f06,2022-03-08,46,Closed,Team A,False,True,False,True
548f036b-cd95-4299-b475-fe334d9006a2,2021-06-19,17,Closed,Team B,False,True,False,False
e0684615-da9c-444e-b57e-03f26361beda,2020-07-07,95,Open,Team B,False,False,True,False
6964e9d3-d0df-4966-8fcd-1c8502da642f,2020-08-01,31,In Progress,Team B,False,True,True,False
e59c376f-338e-4f4f-9461-e8fa22d9f50e,2020-08-13,78,Closed,Team C,True,False,False,True
55ce5d86-0352-48dc-9066-8ab09a932a96,2020-08-05,18,In Progress,Team A,True,False,False,True
cf017424-bac5-4ec9-b195-b71ad26e5639,2023-05-22,90,Open,Team A,False,False,True,False
f76667bd-d0cb-46cc-a268-928adef1b417,2022-08-21,22,In Progress,Team A,False,True,True,False
9035739c-a48f-40ac-84eb-f90da90f5d69,2020-01-05,46,Closed,Team C,False,True,True,False
ab805d17-1b3d-49e4-86fd-f48b3654e2c1,2021-11-01,39,Closed,Team B,False,True,True,False
82e44bc5-f8c4-4e4f-a268-86bc2917e0b9,2021-03-29,96,Closed,Team B,False,False,False,False
5f6062d9-d75d-4fd1-a3af-08a1be91fe00,2024-05-22,43,Closed,Team C,True,False,False,False
5471c96f-acae-4052-8cc3-31844f1eb574,2020-02-25,96,Open,Team C,False,False,True,False
c130bee8-bab5-4476-9c93-fe955a6bc5cb,2020-09-26,91,In Progress,Team C,False,False,False,True
2237b46b-2e9c-4da3-bd78-91b222c3fb4f,2023-11-19,23,In Progress,Team A,True,False,False,True
efc373cb-a698-4f53-8401-9d0696a6ab51,2021-07-16,24,Open,Team B,False,False,False,True
f859079c-0977-425b-b701-92093e1b8b53,2022-07-01,29,Closed,Team A,False,True,True,False
cd64b48f-327b-40b4-a79f-014de590cd71,2024-12-28,90,In Progress,Team B,False,True,False,False
1d513faa-bbf8-4fd3-a331-e1154d5e2c85,2020-12-30,75,In Progress,Team C,False,True,False,False
19f70f39-6f38-4d20-9981-3fc595e68ec9,2021-12-24,18,In Progress,Team B,False,False,False,False
a83c7e42-62ac-4e39-a187-e3de8b653954,2024-03-05,77,In Progress,Team C,False,True,False,False
8dfb9725-671d-4361-bc86-34c41967816d,2024-08-11,51,Open,Team B,False,True,True,False
ca167f6b-77e8-4679-8253-0a3aad467209,2023-03-28,27,Open,Team C,True,False,False,False
b1fb62b8-fa62-4fd5-ac17-e230264bb71b,2020-05-01,83,Closed,Team B,False,False,False,True
315037f8-20f7-4ab0-a5c5-8fb3a51000f4,2024-08-13,6,Closed,Team C,False,True,True,False
1f14f757-f5d1-449c-8785-a36a54190a88,2021-03-12,43,In Progress,Team B,True,False,False,True
974ba85d-0f3f-413d-bb9c-90313e855f49,2020-12-26,59,In Progress,Team A,False,True,False,False
916794f5-254b-4ebc-9230-0ee8b19cd31d,2022-06-14,75,Open,Team A,False,False,False,True
39f01e02-6bf0-4329-bbcd-c633d66d3d30,2021-08-06,46,In Progress,Team C,False,True,False,False
28babc8f-d42d-4e0b-b4f3-698b3b636b51,2022-12-11,58,Closed,Team B,False,False,False,True
43295d90-f504-4058-820d-a60bec1b828e,2021-10-18,71,Closed,Team C,False,False,False,True
84578069-6540-492d-a58b-48f22b12dc85,2021-01-04,71,In Progress,Team A,False,False,True,False
aeac28b6-8155-46a7-b2fa-d2f90732fe81,2021-09-02,89,Open,Team A,False,True,False,False
d72c8974-861d-4b99-a552-e5e08e4f496c,2023-11-03,60,Open,Team C,True,False,False,False
17683002-55db-4600-8d28-bfc77897ab2d,2023-07-04,29,Closed,Team A,False,True,True,False
3ad032bc-b157-43ae-9b54-e401c3e791d2,2024-10-24,68,In Progress,Team A,False,False,False,True
f050f6aa-0b8d-4984-a07b-88f2ff8ddb5f,2022-02-18,20,In Progress,Team A,False,True,False,False
a6bb0da3-038c-435f-bf49-62b01d51856a,2023-04-01,24,Open,Team C,False,False,False,True
22e05620-0b70-4293-8e91-86aa5e23c365,2020-10-30,49,Closed,Team B,False,True,False,False
50029711-8e8c-48d9-9388-f0d0ef08fbd2,2023-08-19,59,Closed,Team B,True,False,False,True
1d88b8de-7b83-4f63-9c5d-e5e0c32be8fb,2023-09-20,4,Closed,Team A,False,True,False,False
8afd8b0e-1d3b-4942-9ab5-7df3fe1c438f,2020-11-11,35,Open,Team B,False,True,False,True
4d42671d-3850-4c0d-90d1-299aa519373a,2023-03-11,61,In Progress,Team A,False,False,False,False
e3c19228-366f-4b2e-977a-979811444dee,2021-04-06,47,Closed,Team A,True,False,True,False
650461aa-1e0f-49cf-a576-5f19aba3db71,2020-02-02,44,Closed,Team A,False,False,True,False
b35ed96a-e717-49e5-9552-99e401004946,2023-03-14,37,Open,Team C,True,False,True,False
4ed130ec-393c-4473-918f-b4b0cdb5a880,2020-07-02,1,Closed,Team A,False,False,False,False
5e399870-305e-43b7-aeb4-396344085742,2020-07-24,47,Closed,Team A,False,False,True,False
1192c0fb-6c39-48fe-b28a-49504a5416ec,2023-11-01,18,In Progress,Team A,False,False,False,True
40f166e2-329c-4bb7-8f82-4353eeae6e19,2024-05-04,51,Open,Team A,False,True,True,False
aab21d94-c578-4349-93ae-12b36d612a5e,2023-10-17,33,Closed,Team C,False,True,False,True
d936c204-6cc6-426a-b472-c66216720b5f,2023-07-08,1,Closed,Team A,False,True,False,False
d597ee3e-c2d5-4829-8979-5202d8103d10,2021-06-19,44,Closed,Team A,True,False,False,True
d3ba5918-948d-4ad9-ac9d-9d838cf50235,2021-04-04,31,Closed,Team B,True,False,False,False
fdb70e25-7527-4135-9493-c07914407258,2022-09-03,41,Closed,Team C,True,False,False,True
c1e8dcef-252c-45d3-953e-e86c53b17b2e,2021-09-16,9,In Progress,Team A,False,True,False,False
4a70796d-14a5-41c3-96db-adbca183afad,2024-08-18,34,Open,Team B,False,False,True,False
c2a791c4-7d0c-4a38-b703-31e0e131cda6,2024-12-17,63,Closed,Team A,True,False,True,False
f40ec848-a32d-4524-8808-895ae8da47cc,2024-03-22,63,Open,Team A,False,True,False,False
7f4544cc-67e4-4b27-bd7b-a4e15aba0ab2,2022-09-15,19,Open,Team C,False,False,False,True
2592682b-fd78-4d37-a96b-a5e8432f9b95,2020-04-27,68,Open,Team A,False,False,False,False
fd49d1c3-72a8-46fc-bc1c-01c34cba42ef,2023-10-31,61,Closed,Team C,True,False,False,True
8f4113ad-ca40-42df-afd8-c954352c60fd,2020-09-02,44,Closed,Team C,False,True,False,True
3097bcca-c4cd-4df7-9d21-033f7bd108c8,2024-09-16,95,Open,Team C,False,False,True,False
7f871f0e-0c49-450c-9d7a-2a93fcc93608,2023-07-08,4,Open,Team A,True,False,True,False
e212a155-4efc-4fa6-b242-520d598f0f29,2024-09-28,21,Open,Team C,False,False,False,True
c702eea1-a99f-4816-8769-fbf265a39343,2024-12-27,32,In Progress,Team A,False,False,False,False
60520745-1b8d-4ec3-9151-8afbb83a73c2,2024-03-16,3,Open,Team A,False,False,False,False
4b591f81-933f-46e4-8e80-748427a94ad5,2024-04-05,18,Open,Team A,False,True,True,False
638ca667-4bd2-4709-9981-4b32139a0d87,2024-07-28,52,In Progress,Team A,True,False,False,True
9e92aa00-6476-4800-b0b8-0edc247c0d8f,2021-09-18,76,In Progress,Team A,False,True,True,False
3df7ee23-50e0-4792-8aee-6954b3107a5c,2024-05-05,50,Open,Team C,False,False,False,True
387898c2-a9b1-4e28-8b88-d6ae02028afd,2021-06-09,58,Closed,Team B,False,True,False,True
5a31d2fb-a281-47af-a918-2ce2ec80a54d,2024-05-28,31,In Progress,Team A,True,False,False,False
2ee47cf8-292a-4242-a323-0ac7662619f3,2022-10-05,26,In Progress,Team B,False,False,False,False
5e7d77d7-5ca2-448c-a1f1-54faa3091e38,2022-06-12,57,Open,Team B,True,False,True,False
ade198c1-b607-4c62-8209-8376d7be30b8,2022-10-25,63,Closed,Team C,True,False,False,False
fd4038c1-e030-404e-806e-85059348755d,2021-01-09,96,In Progress,Team B,False,True,False,False
2bff92cc-222a-43c8-9edc-ca13ed6d4d0e,2024-02-03,66,Open,Team C,False,False,True,False
34ffa79d-4d24-460e-829e-52287ab73105,2023-10-02,35,Open,Team C,False,False,False,True
4fd5f981-f8e7-41c9-98a9-92c8e6c354ff,2022-06-07,30,In Progress,Team A,False,True,False,False
fad47003-823e-4fd4-8f96-008de235009d,2023-07-19,68,In Progress,Team A,False,True,False,False
fbab4659-491f-4751-bce3-74f97842e5e2,2022-02-04,15,Closed,Team C,True,False,True,False
9d96990c-ed8f-407d-86bb-ad8a4b1947f6,2020-10-07,46,Closed,Team A,False,True,True,False
d15fda0f-53bc-4487-89a7-410f38a4bee3,2024-03-19,8,In Progress,Team A,False,True,False,True
77ea86a8-696c-41b0-8383-b0718de87065,2022-03-14,14,In Progress,Team B,True,False,True,False
eff7cd08-d7c6-4ee1-b876-52af88d592c8,2024-10-21,22,Open,Team C,True,False,True,False
e9929638-b8f7-4145-8a9d-b9622b3d5088,2024-07-11,1,Open,Team C,True,False,False,True
9fbd0f6d-3373-430a-b43b-99a3c2fbb21d,2021-07-25,30,Open,Team A,False,True,False,True
0b0b57be-e328-434c-aecd-4725ccb42fe2,2021-07-05,6,Closed,Team A,False,True,False,False
ab85cd78-d2b2-46f6-b758-de8ba2f2b0e6,2022-08-03,38,Closed,Team C,True,False,True,False
b2b5a103-71d6-45ae-8707-f5540cb58e25,2024-02-12,53,Open,Team B,False,True,False,False
64bf10a0-01a3-4447-bd85-8b41872a9fc3,2023-07-08,93,Closed,Team B,False,True,False,False
5562d196-0a42-4b80-a256-113e8ba977a4,2021-03-25,11,Open,Team B,False,False,False,True
b5340a7f-4772-42fc-9819-6e8ce596e618,2021-09-15,92,Closed,Team B,False,True,False,False
a16aa4d9-995b-4edf-830d-20a41586cda2,2023-03-15,10,Closed,Team B,False,True,True,False
332737cf-1a08-4e5a-9bc2-3cb4be48b038,2023-01-28,78,In Progress,Team C,False,True,False,False
0b2c2cd9-4fb2-4198-aa77-99eb365bc131,2023-02-23,95,In Progress,Team C,True,False,False,True
6e69ef9e-20e9-4907-873b-ff5448a15a9b,2021-10-06,76,Closed,Team C,True,False,False,False
a036a113-da9e-4c8b-8438-7a49267274e5,2021-04-19,7,Closed,Team C,False,False,False,False
77963882-2add-40e1-91d8-efd7d0bc9a80,2021-09-25,36,Closed,Team C,False,False,True,False
ea3d7d9f-46d3-41cf-981e-b90d26ad171d,2023-09-09,45,In Progress,Team B,False,False,False,True
879143f9-4be3-4b15-9758-b8a104ecfdf0,2021-09-17,61,Closed,Team B,True,False,False,True
6aa7670e-1fd7-466b-871d-825d2ce70b95,2021-11-29,2,Closed,Team C,True,False,False,False
38fd6c81-eae6-4250-a4cb-3d78ebb024d2,2023-06-14,90,Closed,Team A,True,False,False,True
83695a24-050d-42bf-8ba5-476600fcadcc,2021-08-06,2,Closed,Team C,False,True,False,False
1d4204d5-7d42-4c54-bd31-b9549ae6062b,2023-08-27,89,Closed,Team A,False,True,True,False
a033e356-e207-41c2-b99b-44f151dfedd2,2020-01-14,61,Open,Team B,False,True,False,True
6da5da66-c643-4008-9e9d-bcf8cfb1a139,2020-08-28,77,Open,Team A,False,True,True,False
bab65c78-b20b-4e1e-9a23-1974e88ae856,2023-10-10,24,Closed,Team B,False,True,False,True
2e41eea9-b9bf-446d-b263-eead71d53929,2020-05-18,59,Open,Team B,True,False,True,False
9026775a-7f73-4be4-b379-9750c06a530a,2024-10-26,49,In Progress,Team B,False,True,False,True
c495a317-6e7c-4de1-be2e-f4df45192b76,2020-10-12,47,Closed,Team A,False,True,False,True
0826b528-9776-4ddb-8faf-6cdd0baead78,2025-01-01,80,Open,Team A,True,False,False,False
c1256ca5-84d3-4a04-bf14-9e9bb6db0233,2020-05-31,30,Closed,Team C,False,False,False,False
fe440d8d-311f-4545-b53c-3d737cba8b2d,2021-01-11,57,In Progress,Team B,False,False,True,False
ddd2b183-3e9d-4753-882a-66ba393dd5a8,2023-09-20,50,Closed,Team B,False,False,False,False
f661be61-3441-49a5-b1a3-8044cf1ea899,2021-04-26,84,Closed,Team C,False,True,False,False
13f69fff-dcb2-4d9b-ab2a-e07a8650783f,2021-04-01,70,In Progress,Team C,False,True,False,True
e8f8b15a-cbb8-445a-88e7-ebb22ffd58a4,2024-09-01,71,In Progress,Team A,False,False,False,False
755b1b03-ad13-4e8c-bf3f-83262e75fe2e,2020-04-30,28,Open,Team C,False,True,True,False
60cb3175-4440-441d-a74b-2f8d3f2462dd,2021-07-31,96,Open,Team B,False,True,True,False
c1c38476-b5c3-4957-b915-248c37c83452,2021-07-14,39,In Progress,Team C,True,False,True,False
72413efe-9a0a-4563-a882-002489ce3764,2022-07-13,24,Closed,Team B,False,True,False,True
37fcad58-4374-4b71-8519-5dcb54d482e5,2022-06-29,63,In Progress,Team C,False,True,True,False
747b5192-16a3-41b5-aa19-cb8c9e66c467,2022-06-17,30,Open,Team C,True,False,False,True
a88d2855-810a-42fd-8939-f6410d68fea0,2022-12-20,90,Open,Team B,True,False,False,False
9652d173-8f3b-465b-a2f9-dcb96cd6a29a,2023-02-09,36,Closed,Team A,False,True,False,True
be86a89e-c835-4ee3-8540-282c7ad24993,2020-11-19,20,Open,Team A,True,False,True,False
5fd40d9d-d309-44f5-8926-2ddf919e2296,2023-07-26,18,In Progress,Team A,False,True,False,True
23bf04c2-9f67-4be6-9ec9-e084519f08ce,2023-05-13,35,Closed,Team B,True,False,True,False
fbf6c4a6-8b3e-4c31-9cbc-f4b448648753,2022-08-08,65,In Progress,Team A,False,False,False,False
e95186a6-75b6-4075-a0fc-2cd6b486bff5,2024-09-21,19,In Progress,Team C,True,False,False,False
4f935cea-5645-4eb1-a551-a791ebadc7c2,2024-04-18,78,Closed,Team B,False,False,True,False
554d058d-818f-48c4-8fac-0024621b9a8c,2024-12-26,61,In Progress,Team B,True,False,True,False
1bf63966-e8e7-4f29-b7cb-8c48f9daccdc,2020-05-01,50,In Progress,Team C,False,False,True,False
a0a6bbcd-2a57-4ba7-af09-240badc13183,2024-10-07,21,In Progress,Team A,False,False,False,False
ebaef615-beed-4022-918a-5b69945b3a1e,2023-02-24,59,Closed,Team C,False,True,True,False
9cfa0f47-ddd9-4773-9187-236c4a466002,2024-07-09,24,In Progress,Team B,True,False,True,False
5edebf26-0ea9-47c4-a57d-a6bca1d4a822,2023-01-30,3,In Progress,Team A,True,False,False,True
d2923fde-5dd0-4f5a-b772-1201c9777806,2022-09-26,88,Closed,Team A,False,True,True,False
d235bfe6-00b7-43d7-8b74-96fe4786f32e,2023-05-15,80,Closed,Team C,False,True,False,True
0bf5668c-2014-420a-845a-3cb8d0457b39,2020-04-30,30,In Progress,Team B,False,True,True,False
016886c9-74a8-4464-9cd2-a82af86e08a5,2023-09-14,32,In Progress,Team B,False,False,True,False
3be55189-8281-4821-bd56-4bcf019001a6,2023-07-02,54,Open,Team A,False,False,False,True
7e33cfdb-5dc5-4139-a796-f26c2a5456ff,2023-06-22,99,Open,Team A,True,False,False,False
e1b2e1b2-3554-44eb-b435-d15490dcbfaa,2023-01-21,56,Closed,Team C,True,False,True,False
57b90418-bf0b-4b58-a796-9edde1469cdc,2020-03-30,74,In Progress,Team C,True,False,False,False
da57bb09-bf0a-49d2-9df0-0173105dc3d8,2022-09-22,98,In Progress,Team B,False,True,True,False
910097e6-0d0d-41af-ad70-1ffef13278d8,2024-07-22,90,Closed,Team A,True,False,True,False
258b20e1-3132-4e6c-a2ae-9bf2fc504db9,2023-11-18,79,Open,Team A,False,False,True,False
e1546786-3c90-45e0-ae84-78fae5d3eab9,2021-05-31,33,Closed,Team C,False,False,False,False
dcbcc8db-5190-452b-af0e-38040967d072,2022-08-01,18,In Progress,Team A,True,False,False,True
8eebc819-794b-481f-ba28-7939ca058e33,2021-07-13,93,Closed,Team C,True,False,True,False
7d2b9576-f1ce-4bab-be4c-6769cc078c16,2022-04-05,48,Closed,Team A,True,False,True,False
06874d2b-7770-4651-9a57-a92d39be8ad9,2021-04-11,27,Closed,Team B,False,False,False,False
b68b5c33-813c-474a-838c-ba33deba68dd,2024-07-08,67,In Progress,Team A,False,False,False,True
a823e8f8-9b86-4bd7-9be0-3ee15e78ee31,2024-02-25,84,Open,Team B,False,False,False,True
f0a96b81-acbf-401a-ae0f-e21371e409c0,2021-10-14,10,In Progress,Team C,True,False,False,False
4a039679-cbcf-4cec-b8ee-a695c7522abb,2020-09-21,63,Open,Team B,False,False,True,False
ec88bdb1-24ec-473d-bf97-06254c561dee,2024-06-30,80,Open,Team C,False,False,False,True
2484a3e1-73f1-4e8d-b4bb-5486467e4030,2020-03-25,32,In Progress,Team A,False,True,True,False
1f36de1f-93a4-4c81-aec8-3b5684c0c104,2021-07-24,48,In Progress,Team B,False,False,True,False
210470b3-7063-4d0d-8b23-3f712f028439,2024-10-16,32,In Progress,Team B,True,False,False,True
a68e2268-2acd-48ac-bb8f-a67f6dc89acb,2021-10-06,74,Closed,Team B,False,False,True,False
66753078-0ee3-4475-93b2-ae317511a741,2023-06-22,34,Closed,Team B,False,True,False,False
ac23e7c2-147a-4a93-8146-82ce2cfddc57,2020-06-08,62,Closed,Team A,False,False,False,False
78749b09-706f-4a47-913a-7e65ace0ab4b,2021-04-24,65,In Progress,Team B,False,True,False,False
118a64d8-bc10-4349-a821-39b3e077bd11,2022-01-17,3,Closed,Team B,True,False,False,False
3a4dcb1b-b317-4835-9781-76ef67709d49,2021-11-22,99,Open,Team C,True,False,False,False
fbeda191-d1d6-4623-86f0-524db8507eb0,2022-12-21,30,Open,Team B,False,True,False,False
586e7844-3f7a-46eb-8649-e48a47aeb55f,2023-08-23,24,Closed,Team C,False,False,False,True
a26596e6-fadc-4f49-894f-df0b96a5f845,2022-12-17,33,In Progress,Team B,False,True,False,True
799a07df-1137-45c1-a292-c38c27d4e249,2024-09-12,8,Open,Team C,False,True,False,False
497bfff8-c2bc-436a-8408-01ab899e4464,2020-04-05,18,In Progress,Team C,False,False,False,False
d77cd6f3-ae73-41cb-833d-9f7407513894,2020-07-08,56,Open,Team B,False,True,False,True
5a634e87-cce9-426a-ad0b-6078a875828b,2023-08-08,78,Closed,Team A,False,False,False,False
0a43b032-49f7-4482-9858-595abd80eba5,2022-02-11,20,Closed,Team B,True,False,False,True
e247f81a-3407-4fb6-a5a3-f8c57c59e164,2023-07-01,36,Open,Team A,False,True,False,True
16101278-87d8-44da-b3a5-e38bf23d8cba,2022-08-09,96,In Progress,Team C,False,True,False,True
53639ff6-5fb1-4827-908d-daaca265211b,2024-06-28,2,In Progress,Team A,False,True,False,False
e4d981b1-dcd7-480d-84b9-e4ae8a90d616,2021-08-31,25,Open,Team B,True,False,True,False
9b2c6f57-9929-49d9-91c2-4d8abd307c20,2022-12-20,9,Closed,Team A,False,True,False,False
bf9757c1-18d0-47dd-84a1-4517f6cb1a6d,2024-01-22,45,Closed,Team A,True,False,False,True
6e85514e-03c5-4725-ba7d-c333382241fa,2022-08-31,10,Open,Team B,True,False,False,True
0582749e-8a6a-4b07-bc9c-9b8504205b76,2024-09-23,94,In Progress,Team B,False,False,False,False
83b1d7d0-3222-4721-94f1-bc08637c955a,2023-05-16,97,Open,Team A,True,False,False,False
c1af7fe7-7ea7-4519-b721-281164a34c8e,2024-01-02,44,Open,Team B,True,False,False,True
992170c3-e270-49ec-8cc2-03d193169290,2024-11-07,67,In Progress,Team C,False,False,True,False
df73ed58-e85b-4efc-8546-4151e9f9f25f,2023-06-29,92,In Progress,Team C,True,False,False,True
54f49afc-46ca-48ce-8007-5397a04cc790,2021-06-03,28,Open,Team C,False,False,True,False
84fd19ed-dbeb-4bf1-9a31-6fd2873e568f,2022-11-24,27,Open,Team A,False,False,False,False
5fc8dac1-e88f-44de-a90f-dab9d9d8859a,2024-09-16,66,In Progress,Team B,False,False,False,False
a4e287e5-9842-4871-be97-a4912987e5af,2024-11-03,32,Closed,Team B,False,False,False,False
8d5de54a-e989-40ca-950d-ab7d932d2315,2022-12-26,27,Closed,Team C,True,False,False,True
54bb6835-3bf6-41ee-839f-ba859a346251,2022-03-13,69,Closed,Team B,False,False,False,True
a51aeb74-214f-4078-a098-de7d42c89ba0,2022-09-25,51,Closed,Team A,False,True,True,False
c9474612-b6f6-48c2-9f2a-866cd52cdc95,2021-11-19,16,Open,Team C,False,True,True,False
f5f18079-c532-4d49-b044-60b6ddce23a1,2020-11-28,64,In Progress,Team B,True,False,True,False
68fb072c-3af8-4ef9-af9c-e5fb572532da,2021-09-22,96,Closed,Team B,False,True,False,True
5ea2036e-4321-42e0-b1fa-0ef236f47977,2023-01-05,30,Closed,Team A,False,True,True,False
9622a0c4-dc06-4b05-89e2-65e816f1d524,2022-03-09,89,In Progress,Team B,False,True,False,True
2b616918-630e-4f08-8070-1cd4022208ef,2024-09-26,15,Open,Team C,False,True,True,False
d228801c-9878-49c5-b841-63853d377956,2022-11-23,10,Open,Team A,True,False,True,False
654001dc-1419-4bd4-ba19-e07a27dd492a,2022-09-07,78,Open,Team C,False,True,False,True
daf10d92-7d46-49a6-8ec4-4c0a27620275,2024-04-30,48,In Progress,Team B,False,True,False,False
236a4edb-2b08-4ba2-8838-f4f88ff9fb99,2023-11-23,89,Closed,Team A,True,False,False,False
97c590cc-f45c-4727-8a2f-2bc48bb32ec8,2023-07-16,53,Closed,Team A,False,False,False,False
8b880a11-da55-4ea3-a56c-fa7b9817a28a,2020-01-03,29,Open,Team A,False,True,True,False
0bf896d9-e282-4168-96f8-62b66d9fbdcd,2022-03-23,30,Open,Team B,True,False,True,False
2079c73f-72f8-4ed1-9f61-ea209704ce9f,2022-06-22,4,In Progress,Team B,True,False,True,False
16f327e8-902a-4d2f-a73a-9e9b6286d0a2,2020-01-04,15,Open,Team B,True,False,True,False
e56e1832-ec88-4e4a-9314-3f8e72f23708,2020-02-09,1,Open,Team C,False,True,True,False
6598413f-d9ee-441c-9c81-dea2de3f5bf4,2020-06-20,15,In Progress,Team A,True,False,False,True
7f757293-0f68-454b-a8ac-702276a62c25,2023-02-15,7,Open,Team B,True,False,False,False
ea1b707e-e0a1-4d2a-b5e5-7a699052e585,2022-01-08,19,Open,Team C,False,True,False,False
8968db4a-1e47-4dab-878c-7bfa04e0b9d9,2022-01-04,99,In Progress,Team C,False,False,False,True
7996a4d2-e78b-4fab-a1e2-a3eb527459be,2021-05-17,99,In Progress,Team C,False,False,True,False
bf837c9d-0938-451a-b4b6-88d1725ae8c0,2024-11-25,32,In Progress,Team C,False,False,False,False
50e4678c-eadd-4856-b9a2-810f2ec7d853,2024-03-17,11,Open,Team B,False,False,False,False
eda9a8b0-3200-443d-b772-0acbd18220cd,2021-02-19,92,Open,Team B,False,False,True,False
7d616e98-8a1d-44f7-9a22-d6160aaa4990,2023-12-06,43,Closed,Team B,False,False,True,False
f5620f4e-d165-40ed-a0bc-6b1a1e47470a,2023-04-03,86,In Progress,Team A,False,False,False,False
6a8ea298-32a4-4772-839f-f2898c68e5f3,2022-10-17,26,In Progress,Team C,False,False,False,True
0733433f-a738-469d-a98c-0b1fab826f1c,2021-07-01,34,Closed,Team B,True,False,False,True
89776491-0f74-4c79-9724-cb23be7f0526,2021-04-15,8,Open,Team A,False,False,False,True
f0f2de14-fed1-43cd-9373-2272ca6c2f1e,2024-12-17,88,Closed,Team B,False,True,False,False
de6d47a3-8ef1-4b75-8b26-d8107db1ae95,2021-06-05,92,Closed,Team A,False,False,False,False
77a0979e-a9df-4b14-a1b5-541ed90cf466,2023-08-31,73,Open,Team C,False,False,False,True
4011580c-6616-4f63-ac31-9be5401694d8,2020-11-28,32,In Progress,Team C,False,False,True,False
4c47fc2c-b9e0-4d66-956f-c98a3c2e14c4,2024-04-23,91,Closed,Team C,True,False,False,False
86e54fb5-4377-42c5-8adc-df39c1bc86fb,2022-01-10,44,Open,Team A,False,True,False,True
44da0aef-6689-4175-a41d-3873acf11eef,2020-01-14,44,Open,Team C,False,True,False,True
56b8ec02-25ed-4108-a16a-1f9418d599fc,2021-02-05,20,Closed,Team B,False,False,False,False
455f24f5-213f-466c-8589-32d28a7a8146,2024-05-19,60,Open,Team B,False,False,False,True
d79c45d0-5a49-4a82-897d-a86330d2690c,2023-08-19,26,Open,Team B,False,True,True,False
badf0ab2-36d6-4020-8a93-17c64471656b,2022-08-15,24,Open,Team B,False,True,False,True
b123fe28-37f3-449f-bdb6-1056fa5ef40b,2024-01-26,90,Open,Team B,False,True,False,True
33042ae3-c2ba-4205-a9ce-2328e0a33e3b,2025-01-03,43,Closed,Team A,True,False,True,False
575db576-90e6-42da-8a15-65f52f701a30,2022-05-21,7,In Progress,Team B,True,False,False,False
